champion,games,wins,win_rate,avg_kills,avg_deaths,avg_assists,kda,last_updated
Yone,2280,1221,53.55,5.17,5.07,5.03,2.01,2025-04-15 22:38:41
Azir,1343,773,57.56,5.26,4.9,5.81,2.26,2025-04-15 22:38:41
Ezreal,3527,1879,53.27,5.96,4.54,6.43,2.73,2025-04-15 22:38:41
Tristana,2528,1437,56.84,7.26,4.77,5.13,2.6,2025-04-15 22:38:41
Viktor,1282,732,57.1,5.06,4.62,7.0,2.61,2025-04-15 22:38:41
Taliyah,1799,1025,56.98,5.71,4.75,8.44,2.98,2025-04-15 22:38:41
Camille,796,460,57.79,5.67,5.2,5.67,2.18,2025-04-15 22:38:41
Corki,2504,1437,57.39,6.55,4.97,6.47,2.62,2025-04-15 22:38:41
Sylas,1913,1038,54.26,6.44,5.43,6.84,2.44,2025-04-15 22:38:41
Gwen,2243,1337,59.61,6.41,4.98,4.81,2.25,2025-04-15 22:38:41
Jinx,1109,671,60.5,6.65,4.53,6.53,2.91,2025-04-15 22:38:41
Aphelios,731,453,61.97,7.28,5.28,5.4,2.4,2025-04-15 22:38:41
Ryze,1394,762,54.66,5.23,4.46,6.19,2.56,2025-04-15 22:38:41
Veigar,189,102,53.97,5.84,4.47,5.67,2.57,2025-04-15 22:38:41
Anivia,939,559,59.53,4.92,3.9,7.73,3.25,2025-04-15 22:38:41
Ahri,1603,916,57.14,5.4,3.64,7.58,3.56,2025-04-15 22:38:41
Karma,2335,1299,55.63,1.92,4.69,13.34,3.25,2025-04-15 22:38:41
Smolder,588,311,52.89,6.01,5.23,6.27,2.35,2025-04-15 22:38:41
Aurora,1677,895,53.37,6.22,4.4,6.23,2.83,2025-04-15 22:38:41
Poppy,1521,890,58.51,3.6,5.06,10.67,2.82,2025-04-15 22:38:41
Leblanc,529,271,51.23,6.52,4.38,6.57,2.99,2025-04-15 22:38:41
Twistedfate,408,232,56.86,3.77,4.48,8.6,2.76,2025-04-15 22:38:41
Leesin,1679,924,55.03,7.4,4.62,8.45,3.43,2025-04-15 22:38:41
Akali,891,459,51.52,7.22,4.94,4.83,2.44,2025-04-15 22:38:41
Vex,173,106,61.27,6.81,5.02,7.91,2.93,2025-04-15 22:38:41
Cassiopeia,583,356,61.06,6.43,5.33,6.1,2.35,2025-04-15 22:38:41
Yasuo,1840,1054,57.28,5.99,5.87,5.83,2.01,2025-04-15 22:38:41
Zeri,638,345,54.08,7.0,4.96,6.55,2.73,2025-04-15 22:38:41
Orianna,851,479,56.29,5.15,4.38,8.59,3.14,2025-04-15 22:38:41
Irelia,1035,594,57.39,6.19,6.06,4.36,1.74,2025-04-15 22:38:41
Zed,1400,770,55.0,7.66,4.74,5.91,2.86,2025-04-15 22:38:41
Kaisa,2509,1374,54.76,7.34,4.86,6.3,2.81,2025-04-15 22:38:41
Nunu,499,308,61.72,4.73,4.4,12.2,3.85,2025-04-15 22:38:41
Maokai,536,286,53.36,2.45,5.05,12.41,2.94,2025-04-15 22:38:41
Darius,1344,779,57.96,7.01,4.67,5.18,2.61,2025-04-15 22:38:41
Sion,599,330,55.09,3.51,4.3,7.34,2.52,2025-04-15 22:38:41
Skarner,556,289,51.98,4.78,4.22,10.48,3.61,2025-04-15 22:38:41
Ambessa,2531,1426,56.34,5.45,4.54,5.29,2.36,2025-04-15 22:38:41
Aatrox,1133,619,54.63,5.3,5.02,5.25,2.1,2025-04-15 22:38:41
Karthus,818,474,57.95,8.14,6.41,9.08,2.69,2025-04-15 22:38:41
Gangplank,829,480,57.9,5.92,4.92,6.29,2.48,2025-04-15 22:38:41
Vladimir,1234,688,55.75,5.76,4.07,5.2,2.7,2025-04-15 22:38:41
Jayce,2922,1634,55.92,5.43,4.9,5.61,2.25,2025-04-15 22:38:41
Fiora,639,356,55.71,5.1,5.34,4.13,1.73,2025-04-15 22:38:41
Kayle,724,401,55.39,5.23,4.54,5.22,2.3,2025-04-15 22:38:41
Draven,657,365,55.56,7.32,5.5,5.73,2.37,2025-04-15 22:38:41
Chogath,622,347,55.79,6.07,4.71,6.03,2.57,2025-04-15 22:38:41
Nocturne,779,447,57.38,5.82,4.32,7.72,3.14,2025-04-15 22:38:41
Renekton,677,371,54.8,4.7,4.7,5.46,2.16,2025-04-15 22:38:41
Jax,970,555,57.22,5.41,4.74,4.86,2.17,2025-04-15 22:38:41
Swain,722,431,59.7,5.69,4.56,9.32,3.29,2025-04-15 22:38:41
Rumble,1138,596,52.37,5.29,4.87,6.33,2.38,2025-04-15 22:38:41
Garen,777,439,56.5,5.8,4.21,3.89,2.3,2025-04-15 22:38:41
Warwick,552,320,57.97,6.81,5.73,5.56,2.16,2025-04-15 22:38:41
Talon,1147,668,58.24,8.93,4.68,6.64,3.33,2025-04-15 22:38:41
Riven,1184,689,58.19,6.93,4.98,4.62,2.32,2025-04-15 22:38:41
Vayne,496,273,55.04,6.9,5.6,5.04,2.13,2025-04-15 22:38:41
Senna,858,489,56.99,3.15,4.86,13.62,3.45,2025-04-15 22:38:41
Kalista,639,358,56.03,7.44,5.59,6.07,2.42,2025-04-15 22:38:41
Nidalee,1213,668,55.07,6.36,3.98,8.63,3.77,2025-04-15 22:38:41
Qiyana,898,528,58.8,8.45,5.14,6.09,2.83,2025-04-15 22:38:41
Khazix,515,262,50.87,8.22,4.56,6.34,3.19,2025-04-15 22:38:41
Diana,636,329,51.73,6.91,5.25,6.98,2.64,2025-04-15 22:38:41
Jarvaniv,903,505,55.92,5.4,4.41,12.1,3.97,2025-04-15 22:38:41
Monkeyking,730,392,53.7,6.47,4.49,6.88,2.98,2025-04-15 22:38:41
Pyke,1273,706,55.46,6.03,6.1,10.12,2.65,2025-04-15 22:38:41
Akshan,555,301,54.23,9.41,5.22,5.5,2.86,2025-04-15 22:38:41
Rakan,1142,622,54.47,1.36,4.65,15.09,3.54,2025-04-15 22:38:41
Pantheon,2224,1222,54.95,6.72,5.46,8.4,2.77,2025-04-15 22:38:41
Ekko,1080,633,58.61,8.1,4.38,6.55,3.35,2025-04-15 22:38:41
Viego,2550,1469,57.61,8.18,4.5,6.37,3.23,2025-04-15 22:38:41
Ashe,1113,610,54.81,5.14,5.27,8.35,2.56,2025-04-15 22:38:41
Galio,1075,597,55.53,3.77,4.3,9.77,3.14,2025-04-15 22:38:41
Lillia,944,540,57.2,6.64,3.94,8.34,3.8,2025-04-15 22:38:41
Xinzhao,1034,591,57.16,6.19,4.64,8.63,3.19,2025-04-15 22:38:41
Naafiri,1794,1021,56.91,8.03,4.26,7.29,3.6,2025-04-15 22:38:41
Vi,2028,1154,56.9,5.88,4.29,8.39,3.33,2025-04-15 22:38:41
Bard,1004,579,57.67,2.86,4.95,14.4,3.48,2025-04-15 22:38:41
Zyra,888,486,54.73,4.96,4.57,9.9,3.25,2025-04-15 22:38:41
Lulu,1707,980,57.41,1.71,4.15,14.04,3.8,2025-04-15 22:38:41
Sejuani,204,89,43.63,3.99,4.15,10.01,3.37,2025-04-15 22:38:41
Olaf,304,170,55.92,5.78,4.69,4.99,2.3,2025-04-15 22:38:41
Rell,1795,1030,57.38,1.98,5.44,16.03,3.31,2025-04-15 22:38:41
Kindred,797,475,59.6,7.99,5.11,7.13,2.96,2025-04-15 22:38:41
Braum,932,529,56.76,1.16,5.0,15.51,3.34,2025-04-15 22:38:41
Leona,925,503,54.38,1.69,5.8,13.64,2.64,2025-04-15 22:38:41
Nautilus,2020,1061,52.52,1.96,5.95,13.63,2.62,2025-04-15 22:38:41
Varus,2172,1196,55.06,6.49,4.91,6.77,2.7,2025-04-15 22:38:41
Jhin,2096,1080,51.53,6.88,4.41,7.44,3.24,2025-04-15 22:38:41
Alistar,1625,932,57.35,1.53,5.22,14.55,3.08,2025-04-15 22:38:41
Thresh,749,431,57.54,1.77,5.32,14.7,3.09,2025-04-15 22:38:41
Blitzcrank,402,238,59.2,1.81,5.3,14.05,2.99,2025-04-15 22:38:41
Renata,374,201,53.74,1.59,4.81,15.16,3.48,2025-04-15 22:38:41
Soraka,598,327,54.68,1.06,4.37,14.01,3.45,2025-04-15 22:38:41
Hwei,807,455,56.38,5.13,4.37,8.13,3.03,2025-04-15 22:38:41
Sona,720,398,55.28,2.62,4.95,14.51,3.46,2025-04-15 22:38:41
Aurelionsol,576,352,61.11,6.74,4.11,8.33,3.67,2025-04-15 22:38:41
Nami,1309,763,58.29,1.58,4.43,15.49,3.86,2025-04-15 22:38:41
Sivir,383,202,52.74,5.35,4.87,7.42,2.62,2025-04-15 22:38:41
Zilean,724,405,55.94,1.96,4.07,12.84,3.64,2025-04-15 22:38:41
Lux,864,480,55.56,5.18,4.57,9.22,3.15,2025-04-15 22:38:41
Xayah,629,369,58.66,6.74,4.86,6.57,2.74,2025-04-15 22:38:41
Mel,919,465,50.6,7.93,4.9,5.59,2.76,2025-04-15 22:38:41
Lucian,932,506,54.29,7.02,5.08,5.86,2.53,2025-04-15 22:38:41
Missfortune,1247,720,57.74,6.27,4.82,7.06,2.76,2025-04-15 22:38:41
Lissandra,361,194,53.74,4.71,5.18,9.04,2.65,2025-04-15 22:38:41
Syndra,1578,921,58.37,5.75,4.47,6.4,2.72,2025-04-15 22:38:41
Ziggs,297,173,58.25,4.8,4.17,7.27,2.9,2025-04-15 22:38:41
Caitlyn,969,555,57.28,6.35,4.82,5.98,2.56,2025-04-15 22:38:41
Gragas,939,519,55.27,4.2,4.56,7.69,2.6,2025-04-15 22:38:41
Xerath,250,141,56.4,5.87,4.41,9.04,3.38,2025-04-15 22:38:41
Brand,156,73,46.79,5.06,5.14,8.25,2.59,2025-04-15 22:38:41
Evelynn,191,106,55.5,8.66,4.7,7.13,3.36,2025-04-15 22:38:41
Zac,411,232,56.45,4.61,3.95,10.38,3.8,2025-04-15 22:38:41
Graves,603,326,54.06,7.97,4.66,6.15,3.03,2025-04-15 22:38:41
Quinn,505,309,61.19,7.08,5.43,6.05,2.42,2025-04-15 22:38:41
Gnar,879,483,54.95,4.43,4.65,5.31,2.09,2025-04-15 22:38:41
Tryndamere,722,401,55.54,5.46,5.02,4.44,1.97,2025-04-15 22:38:41
Volibear,781,444,56.85,5.87,4.78,7.31,2.76,2025-04-15 22:38:41
Sett,452,271,59.96,5.18,5.69,5.98,1.96,2025-04-15 22:38:41
Fiddlesticks,731,428,58.55,4.69,5.13,10.89,3.04,2025-04-15 22:38:41
Elise,1312,737,56.17,6.41,5.89,8.87,2.59,2025-04-15 22:38:41
Kennen,705,407,57.73,5.86,5.17,6.64,2.42,2025-04-15 22:38:41
Milio,428,225,52.57,0.9,3.68,14.01,4.05,2025-04-15 22:38:41
Drmundo,554,281,50.72,4.63,4.1,6.87,2.81,2025-04-15 22:38:41
Seraphine,549,316,57.56,3.38,4.38,11.87,3.48,2025-04-15 22:38:41
Kogmaw,335,212,63.28,7.22,5.71,6.31,2.37,2025-04-15 22:38:41
Ksante,773,445,57.57,3.97,4.18,6.36,2.47,2025-04-15 22:38:41
Ivern,332,181,54.52,3.11,3.3,14.29,5.28,2025-04-15 22:38:41
Janna,1173,681,58.06,1.5,3.98,14.6,4.04,2025-04-15 22:38:41
Yuumi,305,140,45.9,1.11,3.28,14.01,4.62,2025-04-15 22:38:41
Hecarim,1051,618,58.8,7.22,4.56,8.35,3.41,2025-04-15 22:38:41
Morgana,192,114,59.38,4.59,4.32,11.83,3.8,2025-04-15 22:38:41
Rengar,702,415,59.12,8.48,5.06,6.59,2.98,2025-04-15 22:38:41
Neeko,1286,745,57.93,3.68,4.85,9.97,2.81,2025-04-15 22:38:41
Shaco,588,370,62.93,7.5,4.13,8.69,3.91,2025-04-15 22:38:41
Velkoz,205,123,60.0,5.16,4.94,9.09,2.88,2025-04-15 22:38:41
Taric,442,248,56.11,1.73,5.19,14.23,3.08,2025-04-15 22:38:41
Kayn,849,506,59.6,8.33,4.71,6.89,3.23,2025-04-15 22:38:41
Shen,478,280,58.58,4.16,3.77,8.89,3.46,2025-04-15 22:38:41
Masteryi,405,246,60.74,9.11,4.74,5.65,3.11,2025-04-15 22:38:41
Twitch,222,129,58.11,8.66,5.97,6.14,2.48,2025-04-15 22:38:41
Zoe,496,284,57.26,6.27,4.33,8.05,3.31,2025-04-15 22:38:41
Rammus,426,250,58.69,4.24,4.12,12.3,4.01,2025-04-15 22:38:41
Yorick,456,257,56.36,4.16,3.97,4.82,2.27,2025-04-15 22:38:41
Udyr,495,272,54.95,5.99,4.5,7.2,2.93,2025-04-15 22:38:41
Teemo,332,180,54.22,5.02,4.91,5.75,2.19,2025-04-15 22:38:41
Annie,232,141,60.78,5.51,4.88,8.55,2.88,2025-04-15 22:38:41
Mordekaiser,212,125,58.96,5.3,4.86,4.71,2.06,2025-04-15 22:38:41
Malphite,342,183,53.51,3.57,4.13,7.51,2.68,2025-04-15 22:38:41
Singed,539,325,60.3,4.21,4.87,8.0,2.51,2025-04-15 22:38:41
Trundle,209,117,55.98,3.72,5.71,5.05,1.54,2025-04-15 22:38:41
Reksai,271,168,61.99,6.77,4.19,7.81,3.48,2025-04-15 22:38:41
Fizz,47,24,51.06,8.0,6.19,6.43,2.33,2025-04-15 22:38:41
Kled,173,97,56.07,5.52,5.17,5.82,2.19,2025-04-15 22:38:41
Briar,50,23,46.0,6.52,6.04,7.22,2.28,2025-04-15 22:38:41
Nasus,279,166,59.5,4.81,4.41,5.95,2.44,2025-04-15 22:38:41
Ornn,312,154,49.36,2.91,4.2,7.6,2.5,2025-04-15 22:38:41
Amumu,91,48,52.75,4.41,5.18,9.8,2.74,2025-04-15 22:38:41
Malzahar,286,153,53.5,4.06,4.92,7.67,2.39,2025-04-15 22:38:41
Nilah,185,107,57.84,7.11,5.21,5.92,2.5,2025-04-15 22:38:41
Urgot,607,364,59.97,6.35,4.78,4.74,2.32,2025-04-15 22:38:41
Shyvana,38,22,57.89,5.32,3.76,8.34,3.63,2025-04-15 22:38:41
Tahmkench,241,144,59.75,3.49,5.26,10.65,2.69,2025-04-15 22:38:41
Samira,155,79,50.97,8.94,5.68,4.8,2.42,2025-04-15 22:38:41
Heimerdinger,140,82,58.57,4.16,5.16,5.37,1.85,2025-04-15 22:38:41
Belveth,380,228,60.0,7.66,4.23,6.6,3.37,2025-04-15 22:38:41
Katarina,397,199,50.13,8.63,5.5,5.37,2.54,2025-04-15 22:38:41
Kassadin,245,133,54.29,6.76,4.3,5.28,2.8,2025-04-15 22:38:41
Illaoi,36,15,41.67,3.64,6.45,3.89,1.17,2025-04-15 22:38:41
