champion1,champion2,games,wins,win_rate
Vi,Kaisa,620,281,45.32
Wukong,Vayne,69,31,44.93
Viego,Corki,595,311,52.27
Jarvan IV,Sivir,377,190,50.4
Ambessa,Yunara,105,42,40.0
Jax,Vayne,36,15,41.67
Gwen,Kaisa,192,88,45.83
Tryndamere,Yunara,11,1,9.09
Ambessa,Kaisa,117,66,56.41
Skarner,Lucian,119,51,42.86
Pantheon,Jhin,708,339,47.88
Trundle,Varus,269,174,64.68
Zyra,Tristana,66,39,59.09
Lee Sin,Varus,556,242,43.53
Gwen,Ezreal,179,96,53.63
Lee Sin,Brand,21,5,23.81
Volibear,Twitch,103,51,49.51
Jarvan IV,Kaisa,705,360,51.06
Poppy,Caitlyn,55,23,41.82
Udyr,Samira,43,21,48.84
Pantheon,Twitch,245,144,58.78
Jarvan IV,Smolder,340,143,42.06
Zed,Yunara,535,275,51.4
Ekko,Smolder,227,122,53.74
Xin Zhao,Yunara,468,205,43.8
Jax,Draven,27,15,55.56
Lee Sin,Lucian,919,444,48.31
Jarvan IV,Ezreal,686,382,55.69
Jarvan IV,Tristana,432,220,50.93
Hecarim,Mel,71,30,42.25
Reksai,Senna,55,26,47.27
Zed,Ziggs,127,61,48.03
Belveth,Ezreal,221,121,54.75
Ekko,Zyra,17,12,70.59
Master Yi,Vayne,73,39,53.42
Viego,Senna,638,345,54.08
Wukong,Yunara,379,212,55.94
Pantheon,Riven,24,5,20.83
Vi,Zyra,14,14,100.0
Mordekaiser,Xayah,15,3,20.0
Mordekaiser,Vayne,11,11,100.0
Pantheon,Aphelios,534,298,55.81
Hecarim,Draven,132,64,48.48
Xin Zhao,Corki,250,140,56.0
Jarvan IV,Mel,187,95,50.8
Vi,Lucian,459,251,54.68
Ambessa,Ezreal,54,31,57.41
Pantheon,Aurora,29,10,34.48
Talon,Kaisa,443,227,51.24
Nocturne,Yunara,276,143,51.81
Lee Sin,Mel,234,113,48.29
Pantheon,Lucian,940,482,51.28
Viego,Heimerdinger,26,6,23.08
Ekko,Sivir,266,137,51.5
Vi,Draven,147,82,55.78
Shyvana,Jhin,57,29,50.88
Belveth,Ashe,79,47,59.49
Viego,Xayah,361,147,40.72
Viego,Karthus,204,116,56.86
Belveth,Lux,56,25,44.64
Nocturne,Aphelios,185,84,45.41
Jarvan IV,Zeri,357,161,45.1
Viego,Miss Fortune,353,165,46.74
Kindred,Ezreal,334,193,57.78
Trundle,Twitch,120,66,55.0
Shaco,Ezreal,193,72,37.31
Ekko,Yunara,302,135,44.7
Diana,Kaisa,265,135,50.94
Wukong,Lucian,534,252,47.19
Elise,Draven,57,16,28.07
Pantheon,Corki,501,246,49.1
Kindred,Yunara,208,105,50.48
Pantheon,Seraphine,70,31,44.29
Belveth,Lucian,249,139,55.82
Trundle,Miss Fortune,162,73,45.06
Viego,Yunara,853,468,54.87
Sejuani,Twitch,21,10,47.62
Shaco,Twitch,68,30,44.12
Jarvan IV,Ashe,214,104,48.6
Viego,Kaisa,1045,508,48.61
Zed,Sivir,344,215,62.5
Xin Zhao,Caitlyn,171,87,50.88
Ivern,Jhin,138,72,52.17
Xin Zhao,Ziggs,152,54,35.53
Talon,Tristana,231,137,59.31
Graves,Lucian,182,97,53.3
Wukong,Twitch,97,71,73.2
Lee Sin,Yunara,625,286,45.76
Jarvan IV,Yunara,614,356,57.98
Vi,Sivir,215,91,42.33
Qiyana,Jhin,186,105,56.45
Wukong,Ezreal,423,179,42.32
Jarvan IV,Senna,445,176,39.55
Pantheon,Sivir,471,259,54.99
Vi,Jhin,474,268,56.54
Zed,Twitch,139,80,57.55
Elise,Yunara,140,70,50.0
Lee Sin,Aphelios,497,231,46.48
Udyr,Lucian,322,159,49.38
Volibear,Annie,1,0,0.0
Kayn,Caitlyn,163,74,45.4
Ivern,Veigar,21,12,57.14
Dr. Mundo,Draven,31,7,22.58
Viego,Vayne,283,147,51.94
Hecarim,Lux,48,34,70.83
Viego,Samira,129,50,38.76
Ivern,Jinx,143,61,42.66
Fiddlesticks,Miss Fortune,64,26,40.62
Taliyah,Lucian,101,32,31.68
Jarvan IV,Corki,450,237,52.67
Udyr,Vayne,60,27,45.0
Yuumi,Nilah,2,0,0.0
Gwen,Lucian,197,92,46.7
Gwen,Draven,52,20,38.46
Ekko,Corki,232,126,54.31
Rammus,Lucian,80,43,53.75
Nunu & Willump,Smolder,83,41,49.4
Graves,Tristana,111,60,54.05
Nunu & Willump,Jhin,195,95,48.72
Volibear,Sivir,178,88,49.44
Nunu & Willump,Viktor,17,9,52.94
Ivern,Kaisa,219,125,57.08
Hecarim,Tristana,188,98,52.13
Jarvan IV,Lux,71,52,73.24
Karthus,Twitch,36,20,55.56
Gragas,Kaisa,95,42,44.21
Talon,Twitch,175,82,46.86
Viego,Caitlyn,424,222,52.36
Nidalee,Twitch,75,39,52.0
Lee Sin,Smolder,329,189,57.45
Lee Sin,Vayne,176,104,59.09
Hecarim,Kaisa,432,211,48.84
Karthus,Samira,33,14,42.42
Nidalee,Aphelios,218,121,55.5
Ambessa,Sivir,62,40,64.52
Ambessa,Varus,40,27,67.5
Qiyana,Aphelios,97,52,53.61
Jarvan IV,Aphelios,489,259,52.97
Nidalee,Ashe,97,38,39.18
Volibear,Senna,211,126,59.72
Jax,Smolder,46,28,60.87
Vayne,Xayah,11,8,72.73
Lee Sin,Corki,394,191,48.48
Pantheon,Smolder,393,187,47.58
Lee Sin,Jhin,831,380,45.73
Lee Sin,Sivir,381,228,59.84
Volibear,Miss Fortune,195,108,55.38
Poppy,Ezreal,146,77,52.74
Wukong,Varus,284,113,39.79
Talon,Vayne,125,76,60.8
Nunu & Willump,Jinx,115,59,51.3
Zac,Viktor,16,7,43.75
Volibear,Kaisa,307,152,49.51
Belveth,Kaisa,199,123,61.81
Nidalee,Vayne,71,44,61.97
Gwen,Aphelios,93,57,61.29
Elise,Sivir,94,44,46.81
Nidalee,Varus,238,104,43.7
Poppy,Ashe,46,20,43.48
Rammus,Zeri,34,21,61.76
Belveth,Sivir,85,48,56.47
Nidalee,Tristana,229,108,47.16
Poppy,Zeri,62,32,51.61
Lee Sin,Tristana,439,259,59.0
Xin Zhao,Jhin,501,237,47.31
Nidalee,Senna,198,97,48.99
Kindred,Varus,207,102,49.28
Mordekaiser,Senna,16,11,68.75
Nunu & Willump,Yunara,145,99,68.28
Mordekaiser,Yunara,35,19,54.29
Jarvan IV,Jinx,422,215,50.95
Jarvan IV,Kalista,46,17,36.96
Pantheon,Yunara,613,305,49.76
Trundle,Yunara,560,334,59.64
Elise,Yasuo,24,13,54.17
Skarner,Yunara,91,51,56.04
Hecarim,Senna,230,112,48.7
Shyvana,Lucian,57,26,45.61
Nocturne,Miss Fortune,135,61,45.19
Xin Zhao,Senna,363,175,48.21
Jarvan IV,Hwei,151,71,47.02
Nidalee,Lucian,356,190,53.37
KhaZix,Lucian,342,181,52.92
Trundle,Draven,139,59,42.45
Trundle,Corki,216,124,57.41
Sejuani,Ezreal,74,20,27.03
Hecarim,Sivir,205,79,38.54
Hecarim,Lucian,323,169,52.32
Udyr,Aphelios,193,92,47.67
Volibear,Kalista,47,22,46.81
Trundle,Senna,224,114,50.89
Pantheon,Ashe,232,108,46.55
Elise,Kalista,44,21,47.73
Pantheon,Yasuo,56,28,50.0
Jarvan IV,Ziggs,157,71,45.22
Pantheon,Hwei,124,53,42.74
Pantheon,Varus,548,270,49.27
Zac,Ziggs,32,24,75.0
Trundle,Ezreal,410,178,43.41
Ekko,Senna,288,147,51.04
Belveth,Yunara,130,75,57.69
Volibear,Hwei,58,29,50.0
Jarvan IV,Vayne,143,73,51.05
Master Yi,Lucian,260,133,51.15
Pantheon,Tristana,473,227,47.99
Chogath,Aphelios,14,14,100.0
Shaco,Zeri,116,56,48.28
Skarner,Sivir,45,33,73.33
Belveth,Jinx,101,46,45.54
Xin Zhao,Vayne,121,58,47.93
Fiddlesticks,Jinx,69,45,65.22
Olaf,Zeri,42,13,30.95
Elise,Twitch,61,24,39.34
KhaZix,Jhin,315,141,44.76
Vi,Corki,210,77,36.67
Belveth,Jhin,182,98,53.85
Diana,Yunara,140,50,35.71
Karthus,Tristana,128,66,51.56
Zed,Jinx,277,158,57.04
Vi,Zeri,146,81,55.48
Pantheon,Lux,129,89,68.99
Wukong,Corki,226,102,45.13
Rengar,Yunara,148,63,42.57
Nunu & Willump,Senna,125,58,46.4
Shen,Varus,11,2,18.18
Belveth,Miss Fortune,54,27,50.0
Belveth,Corki,114,58,50.88
KhaZix,Twitch,82,36,43.9
Zac,Sivir,111,50,45.05
Volibear,Jinx,213,101,47.42
Udyr,Twitch,70,38,54.29
Trundle,Tristana,137,64,46.72
Vi,Varus,274,145,52.92
Poppy,Lucian,189,78,41.27
Trundle,Caitlyn,125,46,36.8
Pantheon,Ezreal,890,454,51.01
Qiyana,Twitch,57,37,64.91
Ambessa,Mel,33,23,69.7
Ekko,Varus,291,136,46.74
Karthus,Senna,90,40,44.44
Ekko,Ezreal,465,234,50.32
Wukong,Samira,47,34,72.34
Ekko,Miss Fortune,190,110,57.89
Zed,Aphelios,232,94,40.52
Naafiri,Jhin,359,191,53.2
Nocturne,Senna,227,99,43.61
Naafiri,Varus,230,125,54.35
Jarvan IV,Varus,347,162,46.69
Kindred,Lucian,316,181,57.28
Taliyah,Varus,43,16,37.21
Pantheon,Miss Fortune,270,163,60.37
Wukong,Aphelios,223,110,49.33
Ekko,Hwei,36,17,47.22
Lee Sin,Zeri,406,227,55.91
Talon,Aphelios,229,115,50.22
Wukong,Draven,67,35,52.24
Viego,Jinx,528,253,47.92
Vi,Jinx,214,104,48.6
Nidalee,Draven,123,56,45.53
Pantheon,Kaisa,940,489,52.02
Vi,Tristana,174,75,43.1
Ekko,Caitlyn,213,102,47.89
Talon,Jinx,182,96,52.75
Nunu & Willump,Tristana,160,73,45.62
Graves,Caitlyn,110,59,53.64
Rengar,Hwei,49,26,53.06
Lee Sin,Jinx,370,183,49.46
Rammus,Taliyah,6,6,100.0
Hecarim,Twisted Fate,6,0,0.0
Shaco,Miss Fortune,78,32,41.03
Aurelion Sol,Tristana,7,0,0.0
Zed,Varus,314,128,40.76
Ekko,Kaisa,446,182,40.81
Zed,Tristana,252,127,50.4
Fiddlesticks,Ezreal,120,69,57.5
Gwen,Corki,91,41,45.05
Volibear,Lucian,299,163,54.52
Graves,Aphelios,105,69,65.71
Jarvan IV,Lucian,796,398,50.0
Jarvan IV,Twitch,259,120,46.33
Ambessa,Miss Fortune,27,12,44.44
Nunu & Willump,Ezreal,141,76,53.9
Reksai,Sivir,48,28,58.33
Nunu & Willump,Corki,77,50,64.94
Nunu & Willump,Sivir,114,46,40.35
Nunu & Willump,Caitlyn,89,41,46.07
Chogath,Yunara,25,5,20.0
Belveth,Smolder,101,64,63.37
Elise,KogMaw,42,17,40.48
Ekko,Aphelios,329,165,50.15
Nunu & Willump,Miss Fortune,62,23,37.1
Qiyana,Varus,74,43,58.11
Nunu & Willump,Lucian,190,92,48.42
Pantheon,Mel,241,109,45.23
Graves,Jinx,141,66,46.81
Nunu & Willump,Varus,108,58,53.7
Hecarim,Xayah,71,28,39.44
Qiyana,Karthus,41,30,73.17
Viego,Draven,241,109,45.23
Nunu & Willump,Aphelios,125,69,55.2
Dr. Mundo,Jinx,80,41,51.25
Kindred,Mel,102,53,51.96
Ivern,Draven,79,35,44.3
Nunu & Willump,Kaisa,179,93,51.96
Nunu & Willump,Mel,36,20,55.56
Talon,Jhin,370,146,39.46
Xin Zhao,Lucian,595,301,50.59
Nunu & Willump,KogMaw,57,31,54.39
Volibear,Vayne,91,48,52.75
Ambessa,Corki,34,11,32.35
Nunu & Willump,Draven,76,31,40.79
Lee Sin,Draven,194,91,46.91
Nunu & Willump,Twitch,73,57,78.08
Qiyana,Sivir,101,44,43.56
Nunu & Willump,Swain,11,9,81.82
Master Yi,Aphelios,130,46,35.38
Jax,Varus,76,47,61.84
Fiddlesticks,Sivir,113,53,46.9
Nunu & Willump,Ziggs,13,4,30.77
Volibear,Tristana,189,105,55.56
Naafiri,Mel,94,27,28.72
Briar,Aphelios,24,14,58.33
Nunu & Willump,Ashe,44,30,68.18
Gwen,Hwei,23,11,47.83
Belveth,KogMaw,46,32,69.57
Pantheon,Draven,215,121,56.28
Zyra,Aphelios,64,32,50.0
Udyr,Miss Fortune,80,30,37.5
Talon,Kalista,44,9,20.45
Fiddlesticks,Kalista,17,11,64.71
Evelynn,Lucian,136,76,55.88
Trundle,Smolder,145,79,54.48
Sejuani,Smolder,31,15,48.39
Talon,Senna,279,148,53.05
Nunu & Willump,Zyra,12,6,50.0
Nocturne,Ezreal,282,111,39.36
KhaZix,Corki,168,93,55.36
Trundle,KogMaw,75,24,32.0
Elise,Jhin,176,76,43.18
Nocturne,Ziggs,95,64,67.37
Morgana,Kaisa,28,3,10.71
KhaZix,Jinx,149,67,44.97
Trundle,Sivir,193,96,49.74
Elise,Caitlyn,94,47,50.0
Poppy,Jhin,167,99,59.28
Nocturne,Sivir,204,96,47.06
Nocturne,Zeri,123,50,40.65
Viego,Varus,761,395,51.91
Nocturne,Cassiopeia,28,11,39.29
KhaZix,Yunara,194,115,59.28
Nocturne,Draven,102,65,63.73
Elise,Hwei,19,18,94.74
Nocturne,Tristana,170,77,45.29
Sejuani,Xayah,34,6,17.65
Ambessa,Tristana,53,16,30.19
Belveth,Karthus,25,15,60.0
Morgana,Jinx,15,14,93.33
Nocturne,Corki,241,132,54.77
Rengar,Zyra,23,11,47.83
Nocturne,Jinx,149,86,57.72
Lee Sin,Karthus,158,87,55.06
Elise,Tristana,109,51,46.79
Hecarim,Ezreal,339,153,45.13
Pantheon,Jinx,440,214,48.64
Nocturne,Lucian,380,203,53.42
Viego,Lucian,979,474,48.42
Elise,Senna,108,48,44.44
Elise,Lucian,185,83,44.86
Rammus,Nilah,10,2,20.0
Xin Zhao,Zeri,248,129,52.02
Nocturne,Caitlyn,136,64,47.06
Vi,Lux,70,31,44.29
Poppy,Tristana,56,17,30.36
Trundle,Jhin,352,196,55.68
KhaZix,Hwei,68,23,33.82
Amumu,Draven,16,12,75.0
Elise,Nilah,23,15,65.22
Zac,Tristana,127,77,60.63
Poppy,Draven,39,21,53.85
Hecarim,Seraphine,52,32,61.54
Jarvan IV,Draven,230,121,52.61
Elise,Varus,93,29,31.18
Lee Sin,Kaisa,941,479,50.9
Nocturne,Mel,79,49,62.03
Fiddlesticks,Twitch,54,32,59.26
Nocturne,Kaisa,371,163,43.94
Elise,Jinx,132,71,53.79
Lillia,Yunara,116,68,58.62
Nocturne,Yasuo,39,25,64.1
Elise,Vayne,56,24,42.86
Nidalee,Jinx,198,72,36.36
Master Yi,Kaisa,291,129,44.33
Nocturne,Jhin,318,152,47.8
Xin Zhao,Mel,140,72,51.43
Xin Zhao,Ezreal,542,246,45.39
Mordekaiser,Tristana,22,10,45.45
Zed,Lucian,604,241,39.9
Elise,Akshan,3,3,100.0
Brand,Nilah,4,2,50.0
Jarvan IV,VelKoz,25,9,36.0
Xin Zhao,Twitch,164,80,48.78
Nocturne,Twitch,113,60,53.1
Jax,Senna,45,14,31.11
Xin Zhao,Aphelios,343,167,48.69
Udyr,Tristana,183,76,41.53
Sejuani,Lucian,104,80,76.92
Trundle,Ziggs,108,37,34.26
KhaZix,Smolder,196,102,52.04
Hecarim,Yunara,250,121,48.4
Viego,Aphelios,621,284,45.73
Nocturne,Vayne,80,41,51.25
Belveth,Varus,115,60,52.17
Elise,Kaisa,174,96,55.17
Fiddlesticks,Lucian,218,117,53.67
Elise,Aphelios,138,56,40.58
Xin Zhao,KogMaw,98,49,50.0
Wukong,Senna,272,147,54.04
Jarvan IV,Jhin,630,325,51.59
Nocturne,Smolder,152,76,50.0
Chogath,Senna,15,3,20.0
Trundle,Kaisa,340,160,47.06
KhaZix,Zeri,148,85,57.43
Elise,Corki,106,44,41.51
Vi,Yunara,330,175,53.03
Viego,Ezreal,1101,544,49.41
Pantheon,Samira,118,58,49.15
Zac,Miss Fortune,61,13,21.31
Diana,Ezreal,261,115,44.06
Poppy,Miss Fortune,65,28,43.08
Xin Zhao,Tristana,313,186,59.42
Viego,Zeri,480,224,46.67
Corki,Kalista,10,1,10.0
Nidalee,Ezreal,326,151,46.32
Belveth,Hwei,51,21,41.18
Pantheon,Senna,462,263,56.93
Trundle,Jinx,201,115,57.21
Karthus,Lucian,185,84,45.41
Lillia,Jhin,166,97,58.43
Skarner,Draven,31,17,54.84
Xin Zhao,Lux,57,33,57.89
Tryndamere,Jhin,9,3,33.33
Nocturne,Ashe,91,47,51.65
Zed,Kaisa,619,273,44.1
Jarvan IV,Zyra,79,32,40.51
Qiyana,Ezreal,192,95,49.48
Ambessa,Vayne,13,10,76.92
Trundle,Seraphine,35,21,60.0
Gragas,Lucian,61,29,47.54
Hecarim,Aphelios,179,72,40.22
Ekko,Twitch,156,82,52.56
Lee Sin,Yasuo,81,48,59.26
Ekko,Vayne,102,39,38.24
Ambessa,Xayah,17,12,70.59
Nidalee,Kalista,24,18,75.0
Nidalee,Miss Fortune,121,61,50.41
Nocturne,Samira,18,5,27.78
Pantheon,Xayah,250,111,44.4
Vi,Ezreal,429,219,51.05
Zed,Aurelion Sol,70,17,24.29
Talon,Smolder,182,95,52.2
Jax,Sivir,61,33,54.1
Lee Sin,Ezreal,922,512,55.53
Ambessa,Jhin,66,27,40.91
Volibear,Aphelios,216,108,50.0
Lee Sin,Twitch,306,171,55.88
Zed,Miss Fortune,216,101,46.76
Zyra,Lucian,78,49,62.82
Graves,Zeri,108,25,23.15
Brand,Senna,14,12,85.71
Naafiri,Sivir,186,102,54.84
Vi,Senna,248,138,55.65
Udyr,Swain,33,28,84.85
Evelynn,Ezreal,74,29,39.19
Zyra,Draven,29,13,44.83
Qiyana,KogMaw,35,24,68.57
KhaZix,Senna,153,73,47.71
Fiddlesticks,Jhin,166,53,31.93
Dr. Mundo,Miss Fortune,88,43,48.86
Shaco,Draven,60,27,45.0
Taliyah,Mel,9,4,44.44
Pantheon,Kalista,94,40,42.55
Udyr,Xayah,98,46,46.94
Evelynn,Jhin,108,64,59.26
Naafiri,Ezreal,338,147,43.49
Naafiri,Xayah,122,66,54.1
KhaZix,Kalista,27,12,44.44
Brand,Ezreal,11,4,36.36
Talon,Sivir,279,150,53.76
Naafiri,Lucian,311,148,47.59
Diana,Senna,188,107,56.91
Gragas,Miss Fortune,27,19,70.37
Qiyana,Samira,18,8,44.44
Vi,Yasuo,63,32,50.79
Ivern,Caitlyn,92,46,50.0
Zed,Ezreal,541,269,49.72
Naafiri,Senna,214,107,50.0
Zed,Mel,209,83,39.71
Lee Sin,Samira,100,52,52.0
Ambessa,Twitch,43,25,58.14
Ambessa,Kalista,12,10,83.33
Qiyana,Seraphine,22,7,31.82
Qiyana,Jinx,77,37,48.05
Rengar,Jinx,144,74,51.39
Wukong,Kalista,43,21,48.84
Viego,Ashe,354,186,52.54
Rengar,Senna,167,81,48.5
Karthus,Kaisa,167,78,46.71
Zac,Ezreal,141,80,56.74
Poppy,Kaisa,138,63,45.65
Zyra,Corki,39,21,53.85
Viego,Tristana,445,199,44.72
Pantheon,Caitlyn,290,156,53.79
Nidalee,Jhin,377,214,56.76
Ivern,Ezreal,195,126,64.62
Nidalee,Sivir,221,123,55.66
Udyr,Mel,53,32,60.38
KhaZix,Ezreal,302,152,50.33
Rengar,Kaisa,272,130,47.79
Trundle,Xayah,123,45,36.59
KhaZix,Tristana,126,46,36.51
Naafiri,KogMaw,68,21,30.88
Nidalee,Corki,191,98,51.31
Sylas,Caitlyn,15,3,20.0
Volibear,Jhin,362,187,51.66
Hecarim,Jinx,176,78,44.32
Corki,Draven,7,2,28.57
Jax,Hwei,23,16,69.57
Shaco,Senna,117,40,34.19
Gragas,Ashe,29,6,20.69
Xin Zhao,Miss Fortune,236,114,48.31
Rengar,Viktor,14,8,57.14
Zed,Senna,286,156,54.55
Shaco,Smolder,75,32,42.67
Ekko,Lucian,511,240,46.97
Rengar,Smolder,184,101,54.89
Belveth,Mel,58,27,46.55
Evelynn,Tristana,61,35,57.38
Jax,Swain,4,2,50.0
Xin Zhao,Smolder,230,115,50.0
Evelynn,Smolder,43,28,65.12
Zyra,Jhin,54,23,42.59
Udyr,Varus,195,96,49.23
Master Yi,Smolder,105,49,46.67
Udyr,Senna,139,96,69.06
KhaZix,Mel,87,44,50.57
Diana,Riven,5,0,0.0
Shaco,Jhin,169,80,47.34
Zeri,Senna,3,3,100.0
Naafiri,Corki,164,89,54.27
Zyra,Senna,54,15,27.78
Shaco,Varus,90,41,45.56
Gwen,Smolder,99,53,53.54
Xin Zhao,Jinx,282,172,60.99
Kayn,Brand,14,9,64.29
Belveth,Senna,127,75,59.06
Fiddlesticks,Ashe,42,16,38.1
Wukong,Mel,131,46,35.11
Volibear,Smolder,194,95,48.97
Jax,Tristana,56,45,80.36
Kindred,Xayah,80,54,67.5
Zed,Smolder,215,87,40.47
Graves,Senna,85,40,47.06
Xin Zhao,Ashe,160,81,50.62
Lillia,Miss Fortune,115,62,53.91
Nocturne,Seraphine,47,20,42.55
Evelynn,Ashe,39,9,23.08
Talon,Lucian,383,212,55.35
Trundle,Ashe,54,26,48.15
Dr. Mundo,Smolder,51,28,54.9
Ivern,Tristana,128,52,40.62
Nidalee,Kaisa,252,128,50.79
Diana,Xayah,71,26,36.62
Wukong,Sivir,226,104,46.02
Qiyana,Tristana,103,42,40.78
Zac,Kaisa,220,127,57.73
Jarvan IV,Miss Fortune,291,139,47.77
Belveth,Samira,49,23,46.94
Belveth,Caitlyn,60,37,61.67
Vi,Smolder,136,58,42.65
Hecarim,Jhin,314,151,48.09
Diana,Draven,83,31,37.35
KhaZix,Kaisa,285,113,39.65
Ekko,Tristana,277,131,47.29
Zac,Lucian,231,128,55.41
Viego,Twitch,293,138,47.1
Lee Sin,Miss Fortune,300,148,49.33
Nocturne,Varus,211,98,46.45
Volibear,Corki,199,107,53.77
Qiyana,Kaisa,131,42,32.06
Graves,Sivir,120,60,50.0
Udyr,Veigar,8,1,12.5
Qiyana,Lux,51,38,74.51
Pantheon,Zeri,387,198,51.16
Qiyana,Corki,110,59,53.64
Rammus,Kaisa,107,62,57.94
Qiyana,Draven,51,30,58.82
Lee Sin,Ziggs,183,75,40.98
Fiddlesticks,Draven,45,26,57.78
Trundle,Lucian,468,241,51.5
Qiyana,Senna,69,35,50.72
Skarner,Caitlyn,29,9,31.03
Ekko,Mel,82,44,53.66
Belveth,Aphelios,122,74,60.66
Graves,Corki,52,18,34.62
Qiyana,Vayne,59,29,49.15
Gwen,Zeri,84,41,48.81
KhaZix,Ashe,142,59,41.55
Rengar,Draven,95,49,51.58
Pantheon,Kled,9,3,33.33
Gwen,Zyra,10,4,40.0
Belveth,Zeri,97,43,44.33
Graves,Xayah,52,37,71.15
Kindred,Corki,120,67,55.83
Ekko,Jinx,242,109,45.04
Belveth,Brand,13,9,69.23
Belveth,Twitch,92,60,65.22
Taliyah,Viktor,4,3,75.0
Rengar,Jhin,248,129,52.02
Belveth,Tristana,72,46,63.89
Kindred,Twitch,107,64,59.81
Zyra,Sivir,27,10,37.04
Belveth,Seraphine,48,30,62.5
Volibear,Ziggs,51,20,39.22
Belveth,Heimerdinger,6,2,33.33
Fiddlesticks,Mel,13,8,61.54
Wukong,Ziggs,120,63,52.5
Kindred,Tristana,145,85,58.62
Rengar,Zeri,127,76,59.84
Gragas,Lux,4,1,25.0
Kindred,Senna,148,76,51.35
Shyvana,Smolder,19,3,15.79
Udyr,Morgana,5,4,80.0
Gwen,Tristana,98,53,54.08
Gragas,Vayne,21,10,47.62
Udyr,Kaisa,238,106,44.54
Viego,Hwei,148,80,54.05
Belveth,Zyra,29,20,68.97
Graves,Jhin,157,81,51.59
Rammus,Jhin,68,26,38.24
Fiddlesticks,Tristana,96,64,66.67
Kindred,Zyra,20,6,30.0
Kayn,Yunara,271,96,35.42
Trundle,Akshan,6,4,66.67
Sejuani,Aphelios,47,24,51.06
Maokai,Yunara,51,31,60.78
Qiyana,Lucian,157,84,53.5
Belveth,Nilah,23,17,73.91
Ekko,Zeri,217,111,51.15
Ivern,Yunara,123,53,43.09
Reksai,Lucian,89,46,51.69
Taliyah,Senna,49,19,38.78
Viego,Sivir,494,264,53.44
Gragas,Aphelios,33,23,69.7
Lee Sin,Caitlyn,379,136,35.88
Taliyah,Kaisa,83,35,42.17
Rengar,Lucian,271,136,50.18
Zed,Vayne,114,56,49.12
Corki,Sivir,15,9,60.0
Sylas,Mel,13,5,38.46
Briar,Mel,13,8,61.54
Karthus,Aphelios,106,45,42.45
Kindred,Viktor,13,7,53.85
Kayn,Draven,93,44,47.31
Karthus,Zeri,86,56,65.12
Volibear,Zeri,192,63,32.81
Karthus,Ezreal,169,93,55.03
Hecarim,Corki,147,62,42.18
Rengar,Miss Fortune,119,81,68.07
Shaco,Sivir,93,39,41.94
Kayn,Lucian,382,182,47.64
Teemo,Yasuo,2,0,0.0
Hecarim,Varus,187,91,48.66
Karthus,Caitlyn,59,22,37.29
Viego,Lux,134,68,50.75
Qiyana,Zeri,74,51,68.92
Lee Sin,Senna,453,222,49.01
Ekko,Seraphine,42,21,50.0
Naafiri,Samira,49,12,24.49
Talon,Nilah,58,30,51.72
Nunu & Willump,Xayah,72,39,54.17
Zac,Nilah,25,18,72.0
Lillia,Ezreal,227,107,47.14
Gwen,Sivir,118,74,62.71
Lillia,Senna,143,82,57.34
Kayn,Vayne,109,33,30.28
Kindred,Kaisa,296,181,61.15
Rengar,Caitlyn,114,71,62.28
Trundle,Karthus,59,30,50.85
Lee Sin,Lissandra,11,0,0.0
Viego,Zyra,50,35,70.0
Belveth,Yasuo,48,25,52.08
Maokai,Kaisa,30,6,20.0
Skarner,Mel,10,10,100.0
Viego,Jhin,1012,461,45.55
Chogath,Jhin,10,0,0.0
Chogath,Lucian,10,10,100.0
Vi,Ashe,100,59,59.0
Chogath,Ezreal,13,2,15.38
Diana,Twitch,107,56,52.34
Shaco,Lucian,129,68,52.71
Fiddlesticks,Aphelios,94,51,54.26
Zed,Jhin,481,206,42.83
Nidalee,Zeri,100,47,47.0
Shaco,Kaisa,164,71,43.29
Ekko,Jhin,430,238,55.35
Trundle,Vayne,92,45,48.91
Teemo,Tristana,20,5,25.0
Fiddlesticks,Xayah,35,13,37.14
Pantheon,Swain,51,40,78.43
Hecarim,Swain,38,19,50.0
Talon,Mel,108,46,42.59
Lee Sin,Lux,132,81,61.36
Ambessa,Senna,67,29,43.28
Xin Zhao,Yasuo,58,19,32.76
KhaZix,Lux,41,17,41.46
Diana,Sivir,105,52,49.52
Belveth,Ziggs,55,46,83.64
Briar,Jinx,42,10,23.81
Karthus,Zilean,7,7,100.0
Elise,Ezreal,141,81,57.45
Zyra,Jinx,30,15,50.0
Elise,Zyra,9,9,100.0
Wukong,Kaisa,464,224,48.28
Jarvan IV,Xayah,206,114,55.34
Zac,Lux,31,16,51.61
Kayn,Yasuo,32,13,40.62
Naafiri,Aphelios,148,89,60.14
Xin Zhao,Varus,388,240,61.86
Trundle,Mel,86,40,46.51
Taliyah,Aphelios,76,40,52.63
Dr. Mundo,Mel,61,20,32.79
Udyr,Ziggs,63,22,34.92
Trundle,Aphelios,193,105,54.4
Wukong,Xayah,96,51,53.12
Viego,Swain,92,47,51.09
Kayn,Varus,202,93,46.04
Vi,Seraphine,54,31,57.41
Poppy,Zyra,20,9,45.0
Poppy,Twitch,65,45,69.23
Vi,Mel,113,72,63.72
Briar,Draven,55,30,54.55
Vi,Miss Fortune,159,109,68.55
Taliyah,Sivir,33,11,33.33
Nidalee,Ziggs,42,31,73.81
Sejuani,Jhin,44,21,47.73
Viego,Mel,271,155,57.2
Diana,Lucian,233,121,51.93
Xin Zhao,Samira,41,14,34.15
Kayn,Kaisa,454,221,48.68
Nunu & Willump,Nilah,26,13,50.0
Reksai,Yasuo,8,7,87.5
Rammus,Tristana,35,20,57.14
Kindred,Sivir,195,83,42.56
Lee Sin,Seraphine,79,35,44.3
Shaco,Tristana,89,42,47.19
Talon,Hwei,43,14,32.56
Xin Zhao,Kaisa,533,292,54.78
Wukong,Caitlyn,159,71,44.65
Master Yi,Sivir,180,95,52.78
Evelynn,Mel,13,2,15.38
Talon,Corki,174,126,72.41
Rammus,Ezreal,71,31,43.66
Taliyah,Jhin,67,30,44.78
Nidalee,Jayce,3,3,100.0
Taliyah,Smolder,40,13,32.5
Pantheon,Zyra,49,37,75.51
Zed,Caitlyn,194,99,51.03
Taliyah,Ezreal,58,22,37.93
Skarner,Senna,41,23,56.1
Ekko,Kalista,52,18,34.62
Evelynn,Sivir,54,30,55.56
Graves,Kaisa,205,99,48.29
Maokai,Lucian,63,33,52.38
Vi,Kalista,70,41,58.57
Gragas,Twitch,27,7,25.93
Gwen,Yunara,83,56,67.47
Xin Zhao,Heimerdinger,23,1,4.35
Lee Sin,Viktor,34,19,55.88
Briar,Xayah,31,12,38.71
Qiyana,Smolder,81,45,55.56
Volibear,Ashe,83,46,55.42
Diana,Jinx,164,97,59.15
Shaco,Caitlyn,91,46,50.55
Rammus,Twitch,34,21,61.76
Lee Sin,KogMaw,138,79,57.25
Udyr,Jhin,298,176,59.06
Pantheon,Karthus,128,74,57.81
Qiyana,Ashe,69,46,66.67
Graves,Yasuo,17,14,82.35
Viego,Viktor,35,15,42.86
Zac,Varus,95,43,45.26
Gragas,Yasuo,37,25,67.57
Talon,Samira,75,34,45.33
Talon,Zyra,34,21,61.76
Lee Sin,Xayah,239,130,54.39
Ekko,Cassiopeia,20,20,100.0
Viego,Smolder,467,229,49.04
Wukong,Xerath,20,17,85.0
Lillia,Ziggs,26,7,26.92
Pantheon,Vayne,155,89,57.42
Skarner,Ashe,35,15,42.86
Ekko,Ashe,205,111,54.15
Fiddlesticks,Corki,98,35,35.71
Amumu,Lucian,79,52,65.82
Jarvan IV,Caitlyn,317,175,55.21
Nocturne,Syndra,27,10,37.04
Wukong,Tristana,145,80,55.17
Elise,Xayah,38,15,39.47
Karthus,Varus,138,51,36.96
Dr. Mundo,Senna,139,60,43.17
Amumu,Ezreal,28,22,78.57
Fiddlesticks,Swain,10,4,40.0
KhaZix,Sivir,133,62,46.62
Jarvan IV,Swain,39,23,58.97
Volibear,Caitlyn,129,53,41.09
Shaco,Jinx,78,40,51.28
Wukong,Jhin,340,170,50.0
Volibear,Draven,93,40,43.01
Sejuani,KogMaw,24,17,70.83
Poppy,Varus,106,60,56.6
Gwen,Caitlyn,113,67,59.29
Udyr,Sivir,169,91,53.85
Wukong,Zeri,158,82,51.9
Zed,Zeri,243,85,34.98
Draven,Lucian,11,6,54.55
Qiyana,Yunara,154,96,62.34
Zed,Swain,40,18,45.0
Qiyana,Miss Fortune,48,29,60.42
Belveth,Azir,4,4,100.0
Karthus,Vayne,25,14,56.0
Qiyana,Caitlyn,62,39,62.9
Qiyana,Xayah,60,36,60.0
Kayn,Corki,126,66,52.38
Ivern,Yasuo,36,25,69.44
Vi,Karthus,54,26,48.15
Qiyana,Nilah,21,10,47.62
Volibear,Lux,31,22,70.97
Qiyana,Ziggs,69,33,47.83
Evelynn,Draven,28,11,39.29
Nocturne,Swain,37,15,40.54
Graves,Kled,3,3,100.0
Evelynn,Senna,54,12,22.22
Qiyana,Yasuo,6,4,66.67
Gwen,Karthus,13,10,76.92
Xin Zhao,Gwen,10,10,100.0
Jarvan IV,Nilah,77,41,53.25
Poppy,Yunara,150,79,52.67
Diana,Aphelios,163,81,49.69
Poppy,Aphelios,109,60,55.05
Sylas,Kaisa,45,21,46.67
Ekko,Xayah,168,78,46.43
Gwen,Mel,33,18,54.55
Zed,Hwei,70,26,37.14
Mordekaiser,Sivir,17,8,47.06
Kindred,Aphelios,214,115,53.74
Fiddlesticks,KogMaw,27,11,40.74
Evelynn,Twitch,21,8,38.1
Chogath,Draven,18,2,11.11
Nocturne,Karthus,62,41,66.13
Chogath,Vayne,9,8,88.89
Jarvan IV,KogMaw,210,127,60.48
Shyvana,Xayah,29,9,31.03
Skarner,Corki,46,23,50.0
Master Yi,Tristana,126,66,52.38
Zac,Senna,90,49,54.44
Ekko,Draven,135,78,57.78
Ekko,Viktor,14,5,35.71
Kayn,Aphelios,240,105,43.75
Naafiri,Zyra,7,6,85.71
Udyr,Draven,69,38,55.07
Zac,Corki,74,43,58.11
Chogath,Ziggs,8,8,100.0
Jax,Jinx,41,13,31.71
KSante,Mel,5,0,0.0
Nidalee,Smolder,101,49,48.51
Nidalee,Neeko,5,0,0.0
Vi,Swain,34,14,41.18
Ambessa,KogMaw,27,22,81.48
Jax,Lucian,106,61,57.55
Kindred,Smolder,115,66,57.39
Kayn,Swain,29,16,55.17
Kayn,Urgot,1,1,100.0
Talon,Azir,9,0,0.0
Jarvan IV,Azir,12,11,91.67
Talon,Heimerdinger,10,9,90.0
Graves,Ezreal,160,79,49.38
Sejuani,Senna,42,19,45.24
Maokai,Draven,11,6,54.55
Pantheon,Urgot,8,7,87.5
Karthus,Sivir,99,36,36.36
Sejuani,Zeri,47,26,55.32
Jax,Ezreal,77,48,62.34
Olaf,Smolder,30,10,33.33
Poppy,Senna,79,42,53.16
Nidalee,Hwei,22,5,22.73
Brand,Corki,15,3,20.0
Nidalee,Yunara,256,152,59.38
Viego,Sylas,1,0,0.0
Jax,Kaisa,126,58,46.03
Shyvana,Ezreal,40,11,27.5
Jayce,Yunara,10,10,100.0
Viego,Ziggs,288,155,53.82
Gwen,Jhin,145,78,53.79
Zac,Xayah,45,34,75.56
Maokai,Sivir,20,10,50.0
Skarner,Kaisa,77,37,48.05
Wukong,Ashe,150,66,44.0
Wukong,Jinx,226,104,46.02
Sejuani,Karthus,14,0,0.0
Karthus,Yasuo,26,7,26.92
Zed,Seraphine,70,29,41.43
Zed,Yasuo,54,35,64.81
Rengar,Ziggs,45,26,57.78
Udyr,Yunara,179,77,43.02
Hecarim,Twitch,93,57,61.29
Evelynn,Kaisa,92,38,41.3
Tryndamere,Senna,5,0,0.0
Jax,Twitch,34,24,70.59
Poppy,Xayah,55,31,56.36
Nidalee,KogMaw,58,23,39.66
Ambessa,Aphelios,41,25,60.98
Ambessa,Lucian,52,24,46.15
Briar,Sivir,50,25,50.0
Ekko,Urgot,14,6,42.86
Volibear,Karthus,42,19,45.24
Wukong,Viktor,21,21,100.0
Talon,Xayah,103,48,46.6
Graves,Vayne,50,20,40.0
Ivern,Zeri,97,43,44.33
Kayn,Smolder,205,122,59.51
Dr. Mundo,Lucian,187,96,51.34
Ivern,Syndra,8,7,87.5
Karthus,Lux,7,4,57.14
Ivern,Xayah,63,32,50.79
Vi,Neeko,2,2,100.0
Naafiri,Karthus,47,23,48.94
Fiddlesticks,Yasuo,30,9,30.0
Talon,Miss Fortune,121,70,57.85
Hecarim,Miss Fortune,124,52,41.94
Jarvan IV,Jayce,8,0,0.0
Lillia,Smolder,113,65,57.52
Udyr,Caitlyn,107,44,41.12
Kayn,Xayah,105,54,51.43
Naafiri,Kaisa,318,144,45.28
Skarner,Tristana,43,16,37.21
Lillia,Lucian,187,94,50.27
Naafiri,Kled,3,3,100.0
Jax,Aphelios,59,25,42.37
Nocturne,Xayah,82,49,59.76
Ivern,Twitch,57,40,70.18
Dr. Mundo,Ezreal,216,106,49.07
Vi,Aphelios,241,121,50.21
Talon,KogMaw,61,38,62.3
Udyr,Ezreal,314,162,51.59
Diana,Tristana,134,74,55.22
Kayn,Jhin,374,195,52.14
Ivern,Miss Fortune,82,24,29.27
Karthus,Corki,101,69,68.32
Zac,Vayne,51,27,52.94
Diana,Varus,130,49,37.69
Talon,Ziggs,94,32,34.04
Zac,Yasuo,34,15,44.12
Dr. Mundo,Caitlyn,81,37,45.68
Talon,Seraphine,64,38,59.38
Evelynn,Corki,40,27,67.5
Diana,Jhin,227,87,38.33
Talon,Draven,111,54,48.65
Pantheon,Veigar,43,19,44.19
Trundle,Yasuo,39,11,28.21
Elise,Ashe,67,36,53.73
Viego,KogMaw,174,98,56.32
Rengar,Aphelios,136,56,41.18
Teemo,Zeri,8,3,37.5
Rammus,Samira,16,6,37.5
Lillia,Aphelios,123,52,42.28
Viego,Neeko,5,5,100.0
Rengar,Ashe,108,50,46.3
Rengar,Sivir,154,77,50.0
Zed,Corki,252,95,37.7
Nidalee,Xayah,95,48,50.53
Pantheon,Ziggs,178,82,46.07
Ambessa,Lux,12,6,50.0
Sejuani,Tristana,48,17,35.42
Rammus,Varus,60,28,46.67
Kayn,Tristana,185,94,50.81
Mordekaiser,Caitlyn,4,2,50.0
Ivern,Swain,8,5,62.5
Xin Zhao,Draven,126,64,50.79
Nocturne,Kled,3,0,0.0
Pantheon,KogMaw,150,68,45.33
Evelynn,Kled,1,1,100.0
Master Yi,Draven,53,8,15.09
Fiddlesticks,Senna,55,28,50.91
Zac,Samira,25,9,36.0
Graves,Miss Fortune,77,38,49.35
Shaco,Veigar,9,8,88.89
Nocturne,Zyra,28,10,35.71
Volibear,Yunara,274,168,61.31
Corki,Miss Fortune,13,3,23.08
Fiddlesticks,Yunara,64,40,62.5
Zyra,Yunara,26,9,34.62
Kayn,Jinx,213,102,47.89
Kayn,Ezreal,373,185,49.6
Xin Zhao,Kalista,33,16,48.48
Jarvan IV,Veigar,51,30,58.82
Ambessa,Caitlyn,22,15,68.18
Nocturne,Zilean,11,5,45.45
Lillia,Caitlyn,129,68,52.71
Talon,Taliyah,18,15,83.33
Talon,Ezreal,387,219,56.59
Kindred,Syndra,21,5,23.81
Fiddlesticks,Lux,13,10,76.92
Gwen,Twitch,72,29,40.28
Ambessa,Ashe,29,25,86.21
Ambessa,Smolder,20,11,55.0
Jax,Jhin,94,64,68.09
Gwen,Vayne,46,20,43.48
Ambessa,Seraphine,8,2,25.0
Viego,Yasuo,83,46,55.42
Pantheon,Yone,5,2,40.0
Naafiri,Ashe,133,72,54.14
Jax,Karthus,25,11,44.0
Volibear,Varus,167,72,43.11
Brand,Draven,5,5,100.0
Xin Zhao,Jayce,3,0,0.0
Rammus,Aphelios,46,20,43.48
Dr. Mundo,Kaisa,139,79,56.83
Ekko,KogMaw,55,28,50.91
Briar,Kaisa,87,42,48.28
Zac,Draven,58,37,63.79
Kayn,Senna,230,117,50.87
Volibear,Mel,86,43,50.0
Zyra,Varus,38,27,71.05
Gwen,Senna,80,35,43.75
Lee Sin,Ashe,269,166,61.71
Neeko,Yunara,11,7,63.64
Maokai,Jhin,26,3,11.54
Singed,Corki,5,0,0.0
KhaZix,Varus,218,124,56.88
Xin Zhao,Nilah,72,38,52.78
Sejuani,Lux,7,1,14.29
Zac,Yunara,127,77,60.63
Kindred,Vayne,44,15,34.09
Trundle,Lux,56,29,51.79
Shen,Tristana,10,6,60.0
Fiddlesticks,Zeri,49,31,63.27
Naafiri,Morgana,5,2,40.0
Udyr,Ashe,93,35,37.63
Wukong,Smolder,151,91,60.26
Rengar,Corki,101,57,56.44
Viego,Seraphine,115,59,51.3
Zed,Xayah,160,66,41.25
Volibear,Xayah,140,98,70.0
Corki,Twitch,17,1,5.88
Dr. Mundo,Varus,133,63,47.37
Karthus,Yunara,167,84,50.3
Vi,Hwei,42,20,47.62
Corki,Senna,23,18,78.26
Kindred,Ashe,110,80,72.73
Dr. Mundo,Twitch,27,14,51.85
Xin Zhao,Karthus,85,48,56.47
Trundle,Samira,27,5,18.52
Poppy,Corki,73,45,61.64
Nidalee,Yasuo,44,43,97.73
Hecarim,Smolder,163,80,49.08
Zac,Jhin,167,97,58.08
Vi,Twitch,83,40,48.19
Skarner,Samira,11,6,54.55
Viego,Karma,8,2,25.0
Rumble,Sivir,13,3,23.08
Gragas,Corki,33,22,66.67
Dr. Mundo,Tristana,82,22,26.83
Karthus,Miss Fortune,68,40,58.82
Jax,Morgana,7,3,42.86
Udyr,Katarina,5,0,0.0
Zyra,Vayne,14,4,28.57
Volibear,Yasuo,38,15,39.47
Gwen,Lux,10,3,30.0
Udyr,Lux,18,11,61.11
Briar,Tristana,49,33,67.35
Master Yi,Mel,79,38,48.1
Skarner,Smolder,28,24,85.71
Hecarim,Ziggs,70,15,21.43
Pantheon,Zilean,11,2,18.18
Ekko,Lux,63,29,46.03
Rammus,Zyra,10,4,40.0
Jarvan IV,Yasuo,80,23,28.75
Talon,Swain,32,16,50.0
Reksai,Corki,31,20,64.52
Briar,Senna,33,18,54.55
Kindred,Yasuo,41,22,53.66
Kayn,KogMaw,72,42,58.33
Jax,Viktor,8,0,0.0
Jarvan IV,Syndra,40,25,62.5
Fiddlesticks,Smolder,81,28,34.57
Jarvan IV,Seraphine,102,58,56.86
Talon,Yunara,227,109,48.02
Graves,Smolder,115,33,28.7
Talon,Urgot,3,1,33.33
Lillia,Urgot,3,0,0.0
Graves,Taliyah,5,3,60.0
Nunu & Willump,Kled,2,0,0.0
Graves,Kalista,16,15,93.75
Nunu & Willump,Vayne,45,21,46.67
Lee Sin,Azir,7,3,42.86
Trundle,Zeri,145,78,53.79
KhaZix,Swain,39,15,38.46
Zyra,Ezreal,72,19,26.39
Graves,Zyra,14,5,35.71
Volibear,Heimerdinger,7,5,71.43
Volibear,Nilah,46,18,39.13
Udyr,Zyra,11,9,81.82
Amumu,Swain,2,0,0.0
Kindred,Lux,45,17,37.78
Kindred,Miss Fortune,137,87,63.5
Naafiri,Hwei,49,19,38.78
Sejuani,Seraphine,11,4,36.36
Reksai,Tristana,44,30,68.18
Gragas,Yunara,64,32,50.0
Gwen,Jinx,82,49,59.76
Kayn,Twitch,110,41,37.27
Lillia,Tristana,114,56,49.12
Evelynn,Yunara,43,17,39.53
Poppy,Jinx,100,64,64.0
Amumu,Jinx,37,19,51.35
Shaco,KogMaw,36,18,50.0
Fiddlesticks,Nunu & Willump,4,4,100.0
Rumble,Twitch,9,7,77.78
Poppy,Sivir,70,36,51.43
Gwen,Varus,88,50,56.82
Hecarim,Karthus,60,15,25.0
Jarvan IV,Twisted Fate,1,1,100.0
Naafiri,Twitch,56,27,48.21
Morgana,Twitch,17,6,35.29
Amumu,Kaisa,31,14,45.16
Skarner,Twitch,23,17,73.91
Draven,Tristana,7,7,100.0
Xin Zhao,Seraphine,80,45,56.25
Hecarim,Kalista,19,12,63.16
Karthus,Draven,55,25,45.45
Diana,Lux,17,14,82.35
KhaZix,Draven,74,51,68.92
Kindred,Ziggs,107,62,57.94
Morgana,Lucian,50,15,30.0
Ivern,Smolder,79,37,46.84
Karthus,Jhin,184,83,45.11
Chogath,Sivir,9,0,0.0
Briar,Karthus,14,4,28.57
Zac,Twitch,70,54,77.14
Morgana,Tristana,19,8,42.11
Malphite,Twitch,2,0,0.0
Gragas,Mel,8,8,100.0
Kindred,Hwei,71,45,63.38
Sylas,Sivir,20,2,10.0
Nidalee,Lux,26,14,53.85
Elise,Zeri,71,35,49.3
Lillia,Vayne,52,24,46.15
Neeko,Yasuo,3,2,66.67
Pyke,Mel,3,0,0.0
Wukong,Karthus,60,22,36.67
Udyr,Hwei,53,27,50.94
Kindred,Swain,17,13,76.47
Briar,Lucian,82,37,45.12
Shyvana,Tristana,21,9,42.86
Neeko,Lucian,7,5,71.43
Kindred,Zeri,96,53,55.21
Vi,Vayne,79,40,50.63
Brand,Aphelios,23,7,30.43
Belveth,Xayah,59,38,64.41
Rengar,Samira,64,22,34.38
Rengar,Swain,22,5,22.73
Naafiri,Jinx,154,68,44.16
Fiddlesticks,Seraphine,19,6,31.58
Jax,Yunara,85,31,36.47
Fiddlesticks,Yorick,6,6,100.0
Nocturne,Hwei,62,45,72.58
Volibear,Seraphine,36,11,30.56
Yunara,Graves,4,0,0.0
Udyr,Smolder,97,45,46.39
Taliyah,Jinx,61,36,59.02
Karthus,Cassiopeia,1,1,100.0
Rengar,KogMaw,41,20,48.78
Ivern,Lucian,178,95,53.37
Rammus,Yasuo,14,5,35.71
Karthus,Xayah,42,15,35.71
Hecarim,Caitlyn,135,73,54.07
Gwen,Miss Fortune,73,41,56.16
Udyr,Zeri,106,50,47.17
Kindred,Jhin,328,187,57.01
Zyra,Viktor,3,3,100.0
Gragas,Seraphine,10,8,80.0
Lee Sin,Hwei,102,56,54.9
Lillia,Kaisa,185,95,51.35
Gragas,Jhin,57,27,47.37
Pantheon,Akshan,6,1,16.67
Nocturne,Lux,41,23,56.1
Zed,Ashe,181,86,47.51
Vi,Nilah,50,26,52.0
Corki,Xayah,5,5,100.0
Diana,Corki,87,38,43.68
Lillia,Zeri,100,37,37.0
Rumble,Jhin,21,13,61.9
Fiddlesticks,Kaisa,96,58,60.42
Ivern,Jayce,2,0,0.0
Lillia,Samira,42,22,52.38
Sejuani,Nilah,5,1,20.0
Nunu & Willump,Samira,32,10,31.25
Hecarim,Zeri,133,61,45.86
Taliyah,Zeri,33,4,12.12
Reksai,Kaisa,76,50,65.79
Wukong,Lux,39,27,69.23
Rammus,Urgot,2,0,0.0
Taliyah,Hwei,7,2,28.57
Briar,Seraphine,23,15,65.22
Ivern,Aphelios,155,75,48.39
Ekko,Riven,4,1,25.0
Morgana,Jayce,3,3,100.0
Naafiri,Smolder,141,65,46.1
Qiyana,Kalista,16,15,93.75
Mordekaiser,Lucian,14,0,0.0
Vi,Samira,70,34,48.57
Diana,Ashe,66,33,50.0
Jayce,Ziggs,7,0,0.0
Gwen,Yasuo,14,11,78.57
Master Yi,Ziggs,84,48,57.14
Shyvana,Miss Fortune,19,11,57.89
Hecarim,Hwei,60,16,26.67
Evelynn,Varus,72,48,66.67
Gwen,Ashe,45,21,46.67
Reksai,Twitch,44,11,25.0
Talon,Lux,73,33,45.21
Kindred,Seraphine,51,22,43.14
KhaZix,Vayne,50,17,34.0
Wukong,Hwei,47,15,31.91
Nunu & Willump,Zeri,87,51,58.62
Rengar,Tristana,111,67,60.36
Ivern,Vayne,54,28,51.85
Pantheon,Xerath,10,9,90.0
Udyr,Nilah,35,14,40.0
Amumu,Vayne,8,1,12.5
Kindred,Urgot,2,0,0.0
Shyvana,Sivir,25,5,20.0
Ivern,Mel,43,17,39.53
Graves,Viktor,5,5,100.0
KhaZix,VelKoz,7,3,42.86
Zed,Orianna,4,0,0.0
Jarvan IV,Aurelion Sol,41,30,73.17
Dr. Mundo,Zeri,87,52,59.77
Nunu & Willump,Lux,17,10,58.82
Fiddlesticks,Caitlyn,61,27,44.26
Belveth,Vayne,39,19,48.72
Urgot,Ezreal,16,9,56.25
Kindred,Irelia,1,1,100.0
Corki,Riven,2,0,0.0
Rengar,Zoe,6,6,100.0
Varus,Karthus,4,0,0.0
Ivern,Corki,121,58,47.93
Hecarim,Yasuo,35,14,40.0
Udyr,Corki,165,103,62.42
Ambessa,Jinx,21,12,57.14
Zac,Smolder,108,66,61.11
Rengar,Vayne,46,20,43.48
Jax,Miss Fortune,23,10,43.48
Urgot,Kaisa,5,4,80.0
Lillia,Draven,37,17,45.95
Belveth,Draven,56,20,35.71
Lee Sin,Zyra,49,25,51.02
KhaZix,Xayah,87,44,50.57
Ekko,Ziggs,39,21,53.85
Zac,Aphelios,78,51,65.38
Evelynn,Xayah,45,21,46.67
Gragas,Smolder,38,29,76.32
Gragas,Draven,34,23,67.65
Nocturne,KogMaw,50,37,74.0
KhaZix,Caitlyn,133,58,43.61
Xin Zhao,Syndra,19,12,63.16
Draven,Miss Fortune,4,0,0.0
KhaZix,KogMaw,58,29,50.0
Skarner,KogMaw,19,3,15.79
Ekko,Samira,71,27,38.03
Karthus,Ashe,46,14,30.43
Lee Sin,Veigar,45,26,57.78
Rammus,Vayne,19,8,42.11
Ambessa,Urgot,4,4,100.0
Rammus,Draven,39,19,48.72
Zac,Xerath,3,0,0.0
Ambessa,Karthus,23,6,26.09
Lee Sin,Urgot,3,0,0.0
KhaZix,Karthus,54,30,55.56
Lillia,Kalista,23,12,52.17
Zyra,Twitch,12,7,58.33
Sylas,Lucian,26,10,38.46
Rengar,Karthus,52,37,71.15
Vi,KogMaw,66,19,28.79
Jarvan IV,Taliyah,11,3,27.27
Trundle,Hwei,58,37,63.79
Rengar,Twitch,88,58,65.91
Jarvan IV,Karthus,90,59,65.56
Master Yi,Morgana,13,7,53.85
Zac,Caitlyn,78,47,60.26
Nunu & Willump,Syndra,6,2,33.33
Xin Zhao,Kled,4,0,0.0
Shen,Ezreal,6,2,33.33
Kayn,Ziggs,98,30,30.61
Shaco,Yunara,109,52,47.71
Zed,Azir,12,4,33.33
KhaZix,Aphelios,171,105,61.4
Dr. Mundo,Hwei,33,18,54.55
Teemo,Kaisa,6,1,16.67
Graves,Twitch,47,24,51.06
Fiddlesticks,Varus,85,36,42.35
Brand,Jinx,4,3,75.0
Brand,Aurora,3,0,0.0
Diana,Swain,4,1,25.0
Master Yi,Corki,109,52,47.71
Master Yi,Hwei,66,35,53.03
Poppy,Nilah,6,3,50.0
Ivern,Ziggs,42,26,61.9
Corki,Zyra,11,6,54.55
Briar,Jhin,58,37,63.79
Dr. Mundo,Yasuo,16,2,12.5
Vi,Veigar,16,2,12.5
Dr. Mundo,Ashe,34,14,41.18
Amumu,Senna,14,3,21.43
Volibear,KogMaw,54,19,35.19
Master Yi,Twitch,63,28,44.44
Maokai,Ezreal,54,38,70.37
Reksai,Ziggs,20,7,35.0
KhaZix,Ziggs,43,20,46.51
Sejuani,Ziggs,27,15,55.56
Taliyah,KogMaw,16,5,31.25
Ivern,KogMaw,36,26,72.22
Rumble,KogMaw,7,4,57.14
Zed,KogMaw,111,37,33.33
Graves,KogMaw,40,25,62.5
Nocturne,Kalista,31,21,67.74
Sion,KogMaw,5,5,100.0
Udyr,KogMaw,35,18,51.43
Evelynn,Aphelios,44,24,54.55
Dr. Mundo,KogMaw,55,18,32.73
Ivern,Sivir,117,68,58.12
Master Yi,KogMaw,46,27,58.7
Corki,Vayne,3,1,33.33
Diana,Ziggs,34,29,85.29
Naafiri,Miss Fortune,147,91,61.9
Sejuani,Yasuo,18,10,55.56
KogMaw,Sivir,2,2,100.0
Rammus,Miss Fortune,29,16,55.17
Zac,Swain,3,1,33.33
Ivern,Senna,90,59,65.56
Master Yi,Chogath,2,0,0.0
Sejuani,Corki,49,19,38.78
Kayn,Lux,52,39,75.0
Udyr,Yasuo,47,23,48.94
Dr. Mundo,Aphelios,89,50,56.18
Ekko,Chogath,10,3,30.0
Lee Sin,Riven,2,2,100.0
Lee Sin,Zilean,4,2,50.0
Kayn,Seraphine,62,18,29.03
Karthus,Jinx,96,33,34.38
Graves,Lux,34,12,35.29
Fiddlesticks,Cassiopeia,4,4,100.0
Urgot,Mel,10,5,50.0
Lee Sin,Irelia,5,3,60.0
Talon,Aurora,5,5,100.0
Rengar,Riven,2,0,0.0
Corki,Jhin,18,6,33.33
Nidalee,Taliyah,3,3,100.0
Jax,Ashe,45,24,53.33
Naafiri,Caitlyn,110,50,45.45
Ekko,Irelia,15,7,46.67
Dr. Mundo,Sivir,127,72,56.69
Shaco,Swain,19,13,68.42
Hecarim,Camille,2,0,0.0
Karthus,Jayce,2,0,0.0
Jax,Corki,49,29,59.18
Urgot,Lucian,8,0,0.0
Sejuani,Jinx,71,21,29.58
Diana,Miss Fortune,107,47,43.93
Zac,Jinx,115,62,53.91
Diana,Smolder,140,63,45.0
Talon,Varus,230,119,51.74
Poppy,KogMaw,24,18,75.0
Dr. Mundo,Yunara,137,46,33.58
Udyr,Jinx,101,54,53.47
Diana,Yasuo,90,58,64.44
Kayn,Zeri,118,53,44.92
Belveth,Swain,16,12,75.0
Hecarim,Samira,42,18,42.86
Pantheon,Taliyah,15,7,46.67
Belveth,Taliyah,7,7,100.0
Lillia,Twitch,59,23,38.98
Lillia,Corki,102,43,42.16
Sion,Jhin,18,9,50.0
Shaco,Yasuo,14,1,7.14
Belveth,Morgana,4,0,0.0
Rammus,Yunara,50,16,32.0
Taliyah,Caitlyn,26,18,69.23
Poppy,Irelia,3,3,100.0
Nidalee,Swain,17,4,23.53
Amumu,Aphelios,31,19,61.29
Vi,Xayah,118,62,52.54
Poppy,Yasuo,10,10,100.0
Naafiri,Aurora,3,3,100.0
Nidalee,Viego,4,1,25.0
Ivern,Kalista,12,6,50.0
Briar,Smolder,51,33,64.71
Lee Sin,Yone,3,3,100.0
Rengar,Yasuo,42,31,73.81
Xin Zhao,Azir,6,2,33.33
Rumble,Yasuo,2,0,0.0
Vi,Kled,3,3,100.0
Morgana,Corki,16,11,68.75
Kayn,Karthus,60,29,48.33
Jax,Kalista,12,5,41.67
Talon,Caitlyn,148,69,46.62
Wukong,Yasuo,37,19,51.35
Yasuo,Draven,2,2,100.0
Corki,Ezreal,19,3,15.79
Naafiri,Yasuo,39,22,56.41
Evelynn,Nilah,14,3,21.43
Karthus,Nilah,23,10,43.48
Graves,Karthus,42,20,47.62
Kayn,Sivir,183,97,53.01
Teemo,Ezreal,12,7,58.33
Nocturne,Neeko,5,1,20.0
Ekko,Yasuo,54,29,53.7
Jayce,Yone,5,0,0.0
Trundle,KSante,3,3,100.0
Reksai,Mel,28,11,39.29
Ivern,Karthus,24,21,87.5
Taliyah,Corki,39,28,71.79
Briar,Twitch,26,6,23.08
Zed,Draven,121,74,61.16
Briar,Varus,74,36,48.65
Viego,Irelia,3,2,66.67
Diana,Caitlyn,96,45,46.88
Fiddlesticks,Fiora,3,1,33.33
Nidalee,Caitlyn,85,45,52.94
Kindred,Draven,39,18,46.15
Gragas,Jinx,48,19,39.58
Gwen,Samira,24,12,50.0
Gwen,Kalista,20,10,50.0
Twisted Fate,Miss Fortune,1,1,100.0
Poppy,Viktor,7,7,100.0
Xin Zhao,Sivir,291,136,46.74
Fiddlesticks,Zyra,7,3,42.86
Teemo,Sona,3,0,0.0
Shyvana,Twitch,24,6,25.0
Volibear,Ezreal,321,144,44.86
Lillia,Yasuo,19,8,42.11
Skarner,Ezreal,64,41,64.06
Yone,Varus,1,1,100.0
Lillia,Sivir,137,74,54.01
Sylas,Ezreal,48,28,58.33
Gragas,Caitlyn,29,17,58.62
Hecarim,Viktor,13,3,23.08
Shaco,Corki,84,42,50.0
Kayn,Aurelion Sol,14,5,35.71
Master Yi,Ezreal,233,105,45.06
Viego,Azir,3,2,66.67
Trundle,Azir,1,1,100.0
Trundle,Zyra,19,9,47.37
Jax,Veigar,12,10,83.33
Diana,Seraphine,31,18,58.06
Viego,Urgot,6,2,33.33
Pantheon,Chogath,24,12,50.0
Yasuo,Smolder,2,0,0.0
KhaZix,Syndra,3,0,0.0
Naafiri,Tristana,126,56,44.44
Urgot,Zeri,12,0,0.0
Qiyana,Swain,21,13,61.9
Dr. Mundo,Jhin,186,107,57.53
Shaco,Hwei,15,2,13.33
Volibear,Morgana,3,1,33.33
Fiddlesticks,Karthus,10,8,80.0
Olaf,Vayne,4,3,75.0
Master Yi,Orianna,2,0,0.0
Lee Sin,Nilah,175,105,60.0
Jarvan IV,Viktor,41,18,43.9
Briar,Hwei,20,3,15.0
Skarner,Viktor,7,0,0.0
Briar,Viktor,2,1,50.0
Graves,Ziggs,34,23,67.65
Nidalee,Singed,4,0,0.0
Kayn,Taliyah,8,3,37.5
Talon,Yasuo,24,8,33.33
Trundle,Syndra,16,5,31.25
Zac,Hwei,19,6,31.58
Master Yi,Lux,34,20,58.82
Olaf,Twitch,12,12,100.0
Shen,Mel,3,0,0.0
Graves,Hwei,32,23,71.88
Qiyana,Mel,54,30,55.56
Rammus,Lux,3,1,33.33
Zed,Zyra,18,8,44.44
Warwick,Twitch,30,19,63.33
Skarner,Hwei,11,7,63.64
Kindred,Nilah,33,18,54.55
Lee Sin,Syndra,24,17,70.83
Shaco,Mel,33,21,63.64
Qiyana,Hwei,27,14,51.85
Kindred,Caitlyn,146,89,60.96
Sylas,Yunara,20,9,45.0
Talon,Karthus,85,50,58.82
Shaco,Vayne,44,24,54.55
Poppy,Ziggs,8,2,25.0
Evelynn,Swain,8,1,12.5
Lillia,Cassiopeia,1,1,100.0
Viego,Veigar,36,26,72.22
Ambessa,Naafiri,3,3,100.0
Nasus,Xayah,3,0,0.0
Xin Zhao,Hwei,55,22,40.0
Teemo,Senna,2,1,50.0
Gwen,Naafiri,3,0,0.0
Rammus,Xayah,17,7,41.18
Lillia,Varus,152,73,48.03
Karthus,Anivia,2,0,0.0
Naafiri,Ahri,3,0,0.0
Evelynn,Zeri,38,16,42.11
Zac,Zeri,90,53,58.89
Zac,Mel,28,4,14.29
Jax,Ekko,1,0,0.0
Xin Zhao,Xayah,147,75,51.02
Morgana,Senna,30,19,63.33
Urgot,Varus,3,0,0.0
Corki,Tristana,9,4,44.44
Corki,Varus,3,1,33.33
Naafiri,Ziggs,80,31,38.75
Volibear,Samira,54,27,50.0
Nocturne,Nilah,39,32,82.05
Taliyah,Ashe,28,16,57.14
Reksai,Varus,49,23,46.94
Nidalee,Naafiri,2,2,100.0
Ryze,Smolder,1,0,0.0
Taliyah,Kalista,13,2,15.38
Corki,KogMaw,8,0,0.0
Jarvan IV,Vladimir,16,16,100.0
Jarvan IV,Samira,74,32,43.24
Hecarim,Ashe,100,70,70.0
Ambessa,Yasuo,13,8,61.54
Wukong,Miss Fortune,147,70,47.62
Viego,Taliyah,15,9,60.0
Corki,Ahri,2,2,100.0
Hecarim,Riven,2,2,100.0
Lillia,KogMaw,27,9,33.33
Evelynn,Jinx,41,17,41.46
Volibear,Syndra,9,4,44.44
Volibear,Anivia,3,3,100.0
Brand,Kaisa,11,2,18.18
Reksai,Caitlyn,42,10,23.81
Evelynn,Samira,15,12,80.0
Evelynn,Hwei,8,4,50.0
Shaco,Ashe,60,23,38.33
Shaco,Xayah,38,28,73.68
Rengar,Ezreal,265,129,48.68
Corki,Lux,9,4,44.44
Rengar,Xayah,59,32,54.24
Morgana,Varus,29,15,51.72
Jax,Caitlyn,56,30,53.57
Draven,Kalista,6,0,0.0
Rammus,KogMaw,20,10,50.0
Zyra,Caitlyn,21,7,33.33
Zac,Vladimir,4,4,100.0
Viego,Nilah,134,58,43.28
Poppy,Teemo,5,5,100.0
Talon,Ashe,152,61,40.13
Zac,Zyra,12,6,50.0
Gragas,Samira,20,7,35.0
Lee Sin,Orianna,2,0,0.0
Taliyah,Xayah,13,0,0.0
KhaZix,Azir,2,2,100.0
Naafiri,Zeri,174,87,50.0
Ekko,Swain,22,19,86.36
Hecarim,Azir,4,3,75.0
Nunu & Willump,Hwei,10,4,40.0
Naafiri,Illaoi,2,2,100.0
Urgot,Sivir,9,5,55.56
Rumble,Ezreal,9,8,88.89
Ekko,Kled,5,5,100.0
Volibear,Irelia,3,2,66.67
Yone,Ziggs,1,0,0.0
Rengar,Lux,49,37,75.51
Briar,Lux,12,2,16.67
Wukong,Swain,41,24,58.54
Ambessa,Zyra,6,1,16.67
Poppy,Seraphine,7,5,71.43
Zed,Lux,85,53,62.35
Rammus,Corki,18,5,27.78
Diana,KogMaw,31,14,45.16
Graves,Mel,66,31,46.97
Azir,Varus,1,0,0.0
Diana,Yone,1,1,100.0
Rengar,Seraphine,25,10,40.0
Morgana,Miss Fortune,15,5,33.33
Diana,Hwei,16,15,93.75
Teemo,Sivir,13,3,23.08
Master Yi,Varus,136,80,58.82
Hecarim,Vayne,84,41,48.81
Nidalee,Viktor,4,0,0.0
Zyra,Kaisa,20,7,35.0
Udyr,Kalista,28,14,50.0
Rammus,Sivir,28,12,42.86
Taliyah,Miss Fortune,29,7,24.14
Kayn,Kalista,43,22,51.16
Malphite,Xayah,3,0,0.0
Vi,Ziggs,76,32,42.11
Rammus,Senna,37,19,51.35
Sylas,Jinx,19,6,31.58
Tryndamere,Akshan,2,0,0.0
Wukong,Katarina,5,1,20.0
Zed,Samira,68,32,47.06
Zed,Urgot,4,0,0.0
Ryze,Tristana,2,2,100.0
Skarner,Zeri,30,15,50.0
Belveth,Neeko,12,1,8.33
Shen,Kaisa,4,2,50.0
Volibear,Zyra,10,6,60.0
Zac,Seraphine,23,6,26.09
Zac,Ashe,68,23,33.82
Diana,Zyra,8,3,37.5
Corki,Aphelios,5,0,0.0
Talon,Syndra,13,5,38.46
Shyvana,Jinx,19,13,68.42
Evelynn,Miss Fortune,38,11,28.95
Tryndamere,Mel,6,0,0.0
Poppy,Hwei,36,24,66.67
Vi,Brand,23,7,30.43
Nidalee,Nilah,43,29,67.44
Elise,Miss Fortune,55,37,67.27
Talon,Zeri,223,97,43.5
Zed,VelKoz,11,5,45.45
Rengar,VelKoz,12,7,58.33
Taliyah,Swain,10,4,40.0
Evelynn,KogMaw,10,10,100.0
Vi,Irelia,2,2,100.0
Kayn,Ekko,5,5,100.0
Kayn,Mel,116,62,53.45
Kayn,Hwei,56,36,64.29
Poppy,Akshan,2,2,100.0
Rengar,Mel,92,42,45.65
Dr. Mundo,Vayne,20,10,50.0
Master Yi,Aurora,2,2,100.0
Urgot,Corki,7,1,14.29
Viego,Syndra,31,13,41.94
Reksai,Smolder,42,25,59.52
Rengar,Varus,188,84,44.68
KhaZix,Miss Fortune,108,50,46.3
Naafiri,Kalista,47,24,51.06
Sylas,Yone,3,0,0.0
Corki,Lucian,18,9,50.0
Ambessa,Veigar,4,3,75.0
Tryndamere,Gragas,2,0,0.0
Hecarim,Annie,1,0,0.0
Zac,Karma,5,4,80.0
Viego,Ahri,9,1,11.11
Rengar,Akshan,1,0,0.0
Viego,Akshan,7,7,100.0
Briar,Akshan,2,1,50.0
Lillia,Pyke,1,0,0.0
Jayce,Jinx,5,5,100.0
Pantheon,Ivern,5,0,0.0
Poppy,Vayne,26,21,80.77
Shaco,Seraphine,15,14,93.33
Poppy,Urgot,5,0,0.0
Viego,Morgana,18,15,83.33
Lee Sin,Kled,3,0,0.0
Elise,Ziggs,24,8,33.33
Nunu & Willump,Yasuo,30,19,63.33
Urgot,Yasuo,2,0,0.0
Zed,Kalista,68,45,66.18
Jayce,KogMaw,7,3,42.86
Shaco,Kalista,11,10,90.91
Sylas,Varus,23,17,73.91
Maokai,Jinx,15,9,60.0
Reksai,Rengar,2,2,100.0
Sylas,Draven,16,8,50.0
Reksai,Azir,4,0,0.0
Urgot,Smolder,6,0,0.0
Sylas,Jhin,44,35,79.55
Sylas,Senna,28,10,35.71
Reksai,Lux,9,0,0.0
Reksai,Ezreal,100,29,29.0
Viego,Riven,2,2,100.0
Reksai,Jinx,64,25,39.06
Reksai,Jhin,61,27,44.26
Zeri,Mel,7,0,0.0
Nunu & Willump,Veigar,6,4,66.67
Vi,Caitlyn,141,53,37.59
Morgana,Xayah,2,1,50.0
Reksai,Karthus,13,1,7.69
Shaco,Samira,14,5,35.71
Ryze,Lucian,1,0,0.0
Skarner,Varus,40,6,15.0
Kayn,Miss Fortune,124,81,65.32
Sejuani,Yunara,53,29,54.72
Xin Zhao,Cassiopeia,15,13,86.67
Rammus,Ziggs,5,1,20.0
Wukong,Nilah,50,33,66.0
Poppy,Smolder,56,37,66.07
Diana,Samira,46,11,23.91
Aatrox,Zeri,7,2,28.57
Jayce,Swain,2,2,100.0
Wukong,Zyra,23,20,86.96
Karthus,Mel,9,7,77.78
Viego,Chogath,10,8,80.0
Teemo,Lucian,16,1,6.25
Zed,Veigar,23,8,34.78
Sejuani,Varus,84,44,52.38
Kayn,Irelia,1,1,100.0
Sejuani,Kled,2,0,0.0
Fiddlesticks,Samira,16,11,68.75
Taliyah,Nilah,14,7,50.0
Brand,Sivir,7,2,28.57
Poppy,Kalista,10,6,60.0
Brand,Miss Fortune,16,1,6.25
Karthus,Kalista,22,11,50.0
Amumu,VelKoz,3,3,100.0
Graves,Tahm Kench,1,1,100.0
Kindred,Riven,2,2,100.0
Kayn,Nilah,73,32,43.84
Nocturne,Nunu & Willump,3,0,0.0
Shaco,Nilah,12,7,58.33
Viego,Kalista,114,53,46.49
Viego,Jayce,9,2,22.22
Hecarim,Veigar,18,10,55.56
Hecarim,Irelia,5,5,100.0
Pantheon,Viktor,22,12,54.55
Evelynn,Riven,3,3,100.0
Naafiri,Viktor,9,5,55.56
Pantheon,Orianna,3,3,100.0
Gwen,Soraka,2,0,0.0
Hecarim,Aurora,5,1,20.0
Skarner,Kalista,16,2,12.5
Zyra,Syndra,2,2,100.0
Olaf,Corki,32,7,21.88
Taliyah,Draven,32,19,59.38
Nidalee,Kindred,3,1,33.33
KhaZix,Seraphine,25,5,20.0
Hecarim,Zyra,14,5,35.71
Draven,Caitlyn,4,4,100.0
Nidalee,Samira,41,22,53.66
Wukong,Aurora,2,2,100.0
Ekko,Brand,14,6,42.86
Taliyah,Yasuo,8,5,62.5
Jarvan IV,Chogath,3,2,66.67
Kindred,Jinx,157,95,60.51
Ekko,Veigar,12,5,41.67
KhaZix,Singed,5,5,100.0
Graves,Swain,27,12,44.44
Hecarim,Kled,1,1,100.0
Master Yi,Jhin,235,132,56.17
Master Yi,Jinx,138,68,49.28
Graves,Annie,1,0,0.0
Brand,Smolder,9,5,55.56
Master Yi,Senna,172,69,40.12
Naafiri,Syndra,4,3,75.0
Kindred,Morgana,6,6,100.0
Fiddlesticks,VelKoz,3,3,100.0
Malphite,Draven,4,4,100.0
Olaf,Senna,43,24,55.81
Xin Zhao,Aurelion Sol,54,32,59.26
Malphite,Caitlyn,5,0,0.0
Nocturne,Yone,4,0,0.0
Zeri,Ashe,8,2,25.0
Xin Zhao,Swain,33,10,30.3
Xin Zhao,Zyra,12,9,75.0
Malphite,Kaisa,1,1,100.0
Kayn,Ashe,174,108,62.07
Pantheon,Syndra,26,17,65.38
Zyra,Samira,12,10,83.33
Viego,Brand,30,15,50.0
Maokai,Caitlyn,8,3,37.5
Zyra,Yasuo,25,5,20.0
Rammus,Smolder,38,22,57.89
Tryndamere,Zeri,5,0,0.0
Zyra,Karthus,6,6,100.0
Shyvana,Kaisa,44,23,52.27
Zed,Syndra,27,13,48.15
Shyvana,VelKoz,3,3,100.0
Olaf,Caitlyn,17,7,41.18
Karthus,Smolder,42,14,33.33
Talon,Neeko,5,5,100.0
Gragas,Senna,35,12,34.29
Urgot,Aphelios,10,5,50.0
Shaco,Aphelios,87,39,44.83
Rammus,Caitlyn,41,25,60.98
Graves,Varus,106,52,49.06
Corki,Caitlyn,6,1,16.67
Corki,Mel,3,2,66.67
Corki,Shen,2,2,100.0
Urgot,Jhin,8,5,62.5
Naafiri,Draven,93,44,47.31
Nidalee,Urgot,6,6,100.0
Pantheon,VelKoz,21,10,47.62
Kaisa,Sivir,1,1,100.0
Hecarim,KogMaw,51,28,54.9
Aatrox,Ezreal,2,2,100.0
Elise,Lux,12,10,83.33
Briar,Miss Fortune,32,9,28.12
Shaco,Lux,15,14,93.33
Briar,Syndra,4,1,25.0
Zeri,Vayne,1,0,0.0
Shyvana,Seraphine,3,0,0.0
Jax,Zyra,9,9,100.0
Jax,Zeri,30,15,50.0
Master Yi,Caitlyn,91,42,46.15
KhaZix,Braum,1,0,0.0
Kayn,Zyra,23,7,30.43
Darius,Xayah,10,3,30.0
Rengar,Sona,4,0,0.0
Rengar,Aurelion Sol,20,14,70.0
Twitch,Ezreal,2,0,0.0
Jarvan IV,Aatrox,1,0,0.0
Jax,Xayah,32,21,65.62
Volibear,Swain,17,4,23.53
Gragas,Hwei,5,1,20.0
Naafiri,Vayne,82,59,71.95
Poppy,VelKoz,10,8,80.0
Diana,Cassiopeia,3,0,0.0
Vi,Akshan,1,0,0.0
Reksai,Aphelios,45,26,57.78
Pantheon,Vladimir,6,0,0.0
Yorick,Hwei,2,0,0.0
Dr. Mundo,Swain,10,1,10.0
Brand,Lucian,16,8,50.0
Neeko,Ezreal,11,3,27.27
Kindred,Azir,3,3,100.0
KhaZix,Samira,34,13,38.24
Lillia,Irelia,6,1,16.67
Heimerdinger,Aphelios,3,3,100.0
Sion,Zeri,4,2,50.0
Gwen,Xayah,49,22,44.9
Reksai,Nilah,17,8,47.06
Pantheon,Singed,1,1,100.0
Jayce,Twitch,4,0,0.0
Udyr,Ekko,3,0,0.0
Kayn,Samira,75,34,45.33
Dr. Mundo,Xayah,69,24,34.78
Morgana,Yunara,44,6,13.64
Rammus,Ashe,31,13,41.94
Dr. Mundo,Orianna,1,1,100.0
Shaco,Aurelion Sol,8,8,100.0
Dr. Mundo,VelKoz,9,2,22.22
Elise,Seraphine,8,4,50.0
Brand,Zeri,12,6,50.0
Poppy,Mel,8,4,50.0
Olaf,Kalista,1,1,100.0
Urgot,Xayah,3,3,100.0
Talon,Zilean,2,1,50.0
Talon,Gragas,3,0,0.0
Ivern,Riven,3,3,100.0
Shaco,Anivia,2,2,100.0
KhaZix,Zyra,12,6,50.0
Jayce,Zeri,8,8,100.0
Yuumi,Mel,3,0,0.0
Aatrox,Yunara,6,0,0.0
Vi,Viktor,21,5,23.81
Hecarim,VelKoz,3,3,100.0
Riven,Kaisa,2,0,0.0
Poppy,Lux,18,10,55.56
Rumble,Viktor,3,3,100.0
Yorick,Xayah,2,0,0.0
Udyr,Diana,3,3,100.0
Diana,Nilah,33,21,63.64
Jarvan IV,Irelia,8,4,50.0
Graves,Irelia,5,5,100.0
KhaZix,Viktor,19,7,36.84
Rammus,Karthus,7,0,0.0
Trundle,Irelia,3,0,0.0
Ekko,Katarina,4,3,75.0
Xin Zhao,Aurora,7,7,100.0
Lillia,Swain,12,5,41.67
Chogath,Caitlyn,1,0,0.0
Jax,Lux,14,7,50.0
Sylas,Tristana,9,1,11.11
Nunu & Willump,Kalista,14,13,92.86
Taliyah,Irelia,3,2,66.67
Lee Sin,Swain,61,30,49.18
Sejuani,Zyra,4,1,25.0
Karthus,Urgot,2,2,100.0
Rengar,Karma,1,0,0.0
Hecarim,Karma,7,4,57.14
KhaZix,Karma,3,2,66.67
Taliyah,Ziggs,5,0,0.0
Udyr,Seraphine,24,14,58.33
Evelynn,Kalista,9,3,33.33
Reksai,Xayah,34,13,38.24
Corki,Smolder,12,2,16.67
Graves,Yunara,88,30,34.09
Lee Sin,Neeko,8,0,0.0
KhaZix,Akshan,8,3,37.5
Shyvana,Varus,19,4,21.05
Gragas,Zyra,6,0,0.0
Rammus,Swain,6,3,50.0
Ekko,Sona,2,2,100.0
Mordekaiser,Jinx,13,9,69.23
Elise,Veigar,5,1,20.0
Kindred,Veigar,24,16,66.67
Viego,Tahm Kench,1,0,0.0
Ambessa,Singed,1,1,100.0
Ivern,Samira,61,37,60.66
Ambessa,Draven,14,7,50.0
Nocturne,Veigar,17,10,58.82
Aatrox,Aphelios,5,5,100.0
Trundle,Katarina,6,2,33.33
Maokai,Vayne,21,12,57.14
Xin Zhao,Viktor,18,6,33.33
Shen,Jhin,11,5,45.45
Taliyah,Samira,10,8,80.0
Amumu,Corki,14,4,28.57
Qiyana,Irelia,1,1,100.0
Graves,Samira,30,11,36.67
Rengar,Veigar,6,3,50.0
Poppy,Veigar,15,12,80.0
Jarvan IV,Ivern,3,0,0.0
Lillia,Nilah,30,21,70.0
Talon,Aurelion Sol,23,15,65.22
Jarvan IV,Morgana,9,2,22.22
Taliyah,Twitch,10,5,50.0
Gwen,KogMaw,22,9,40.91
Trundle,Karma,6,0,0.0
Sejuani,Draven,19,9,47.37
Amumu,Yunara,16,11,68.75
Kled,Caitlyn,1,0,0.0
Riven,Sivir,3,0,0.0
Shen,Sivir,6,0,0.0
Briar,Vladimir,2,2,100.0
Pantheon,Cassiopeia,20,7,35.0
Udyr,Syndra,13,7,53.85
Elise,Samira,20,5,25.0
Ivern,Zyra,6,4,66.67
Malzahar,Viktor,2,2,100.0
KSante,Kled,2,2,100.0
Master Yi,Zeri,115,63,54.78
Kindred,Zilean,3,1,33.33
Ambessa,Samira,3,0,0.0
Taliyah,Tristana,47,24,51.06
KhaZix,Ahri,3,0,0.0
Lillia,Zyra,3,2,66.67
Shen,Senna,10,7,70.0
Master Yi,Vladimir,10,10,100.0
Shyvana,Draven,21,9,42.86
Viego,VelKoz,30,19,63.33
Teemo,Miss Fortune,5,2,40.0
Shyvana,Zeri,17,2,11.76
Jax,Ziggs,17,13,76.47
Diana,Vayne,64,46,71.88
Kaisa,Jhin,3,1,33.33
Corki,Ziggs,4,3,75.0
Gwen,Seraphine,20,5,25.0
Draven,Corki,3,3,100.0
Rengar,Nilah,35,10,28.57
Corki,Ashe,8,6,75.0
Corki,Hwei,2,0,0.0
Ambessa,Yone,5,1,20.0
Heimerdinger,Ezreal,2,0,0.0
Udyr,Azir,2,1,50.0
Aatrox,Tristana,5,0,0.0
Diana,Zeri,98,51,52.04
Shen,Samira,8,1,12.5
Zac,VelKoz,7,4,57.14
Evelynn,Yasuo,11,5,45.45
Amumu,Tristana,24,15,62.5
Ambessa,Irelia,4,0,0.0
Briar,Caitlyn,40,19,47.5
Fizz,Jhin,1,1,100.0
Ambessa,Zeri,19,11,57.89
Singed,Tristana,1,1,100.0
Twitch,Jinx,2,0,0.0
Rammus,Jinx,44,25,56.82
Zyra,Xayah,18,11,61.11
Lillia,Jinx,98,47,47.96
Diana,Urgot,4,4,100.0
Draven,Ziggs,4,1,25.0
Naafiri,Yunara,215,117,54.42
Gragas,Sivir,26,10,38.46
Gragas,Zeri,41,21,51.22
Morgana,Draven,6,3,50.0
Zed,Viktor,11,9,81.82
Karthus,Irelia,4,0,0.0
Nocturne,Orianna,8,8,100.0
Darius,Draven,2,1,50.0
Shen,Corki,6,0,0.0
Talon,Akshan,1,1,100.0
Belveth,Kalista,14,6,42.86
Yorick,Samira,2,2,100.0
Trundle,Soraka,2,0,0.0
Karthus,KogMaw,6,4,66.67
Talon,Viktor,16,11,68.75
Zeri,Twitch,3,0,0.0
KhaZix,Briar,1,1,100.0
Zyra,Zeri,13,7,53.85
Rumble,Zeri,1,0,0.0
Graves,Ashe,44,29,65.91
Olaf,Ashe,6,5,83.33
Udyr,Karthus,33,19,57.58
Trundle,Veigar,19,11,57.89
Malphite,Corki,4,0,0.0
Dr. Mundo,Lux,25,14,56.0
Malzahar,Tristana,1,0,0.0
Nocturne,VelKoz,4,0,0.0
Urgot,Ziggs,3,2,66.67
Rumble,Senna,3,1,33.33
Dr. Mundo,Samira,19,11,57.89
Dr. Mundo,Corki,65,41,63.08
Udyr,Jax,5,0,0.0
Dr. Mundo,Ziggs,69,47,68.12
KhaZix,Malphite,4,0,0.0
Urgot,Seraphine,2,0,0.0
Ivern,Seraphine,14,7,50.0
Gragas,Ezreal,64,34,53.12
Lillia,Xayah,55,26,47.27
Kindred,Karma,4,4,100.0
Urgot,Jinx,8,3,37.5
Shen,Twitch,3,2,66.67
Rengar,Taliyah,13,4,30.77
Briar,Zeri,27,15,55.56
Naafiri,Lux,38,9,23.68
Sylas,Aphelios,19,11,57.89
Taliyah,Vayne,18,6,33.33
Maokai,Twitch,9,6,66.67
Evelynn,Caitlyn,41,18,43.9
Shyvana,Aphelios,20,6,30.0
Yorick,Yunara,4,0,0.0
Trundle,Yone,5,4,80.0
Yunara,Corki,2,2,100.0
Shyvana,Zyra,1,1,100.0
Trundle,Xerath,3,0,0.0
Wukong,Syndra,6,5,83.33
Nunu & Willump,Seraphine,8,5,62.5
Warwick,Kaisa,125,38,30.4
Shyvana,Vayne,4,2,50.0
Xin Zhao,VelKoz,23,13,56.52
Nidalee,Seraphine,10,7,70.0
Malphite,Yunara,6,0,0.0
Master Yi,Miss Fortune,96,50,52.08
Kaisa,Ziggs,2,0,0.0
Volibear,Azir,4,4,100.0
Zed,Nilah,66,35,53.03
Taliyah,Urgot,1,1,100.0
Zeri,Viktor,1,0,0.0
Malphite,Smolder,2,0,0.0
Ambessa,Hwei,7,2,28.57
Ambessa,Nilah,11,9,81.82
Nidalee,Diana,2,2,100.0
Rammus,Hwei,7,3,42.86
Elise,Smolder,77,47,61.04
Olaf,Varus,29,23,79.31
Neeko,Jhin,3,0,0.0
Dr. Mundo,Nilah,20,7,35.0
Briar,Corki,28,15,53.57
Morgana,Zeri,14,5,35.71
Amumu,Jhin,19,9,47.37
Qiyana,Azir,2,0,0.0
Lee Sin,Kalista,92,34,36.96
Ivern,Varus,91,48,52.75
Yorick,Azir,1,1,100.0
Yorick,Ezreal,1,0,0.0
Heimerdinger,Xayah,2,2,100.0
Zeri,Kaisa,3,2,66.67
Master Yi,Xayah,71,23,32.39
Kled,Kaisa,2,0,0.0
Zeri,Samira,1,0,0.0
Jarvan IV,Yone,3,3,100.0
Yorick,Varus,1,0,0.0
Diana,Irelia,3,0,0.0
Master Yi,Zyra,15,11,73.33
Gwen,Riven,1,1,100.0
Shaco,Karthus,21,21,100.0
Draven,Ezreal,3,1,33.33
Nunu & Willump,Karthus,11,11,100.0
Zed,Karthus,50,24,48.0
Poppy,Karthus,20,8,40.0
Shaco,Kled,1,1,100.0
KogMaw,Karthus,1,0,0.0
Fiddlesticks,Sona,3,3,100.0
Sejuani,Kaisa,64,26,40.62
Morgana,KogMaw,5,3,60.0
Zed,Kled,1,0,0.0
Teemo,Mel,5,2,40.0
Jayce,Ezreal,1,1,100.0
Diana,Kalista,12,5,41.67
Warwick,Taliyah,3,0,0.0
Zyra,Seraphine,7,4,57.14
Pantheon,Nilah,136,71,52.21
Olaf,Seraphine,4,2,50.0
Lee Sin,Sylas,1,0,0.0
Jarvan IV,Xerath,14,2,14.29
Naafiri,Veigar,6,3,50.0
Viego,Soraka,4,2,50.0
Ivern,Lux,20,14,70.0
Master Yi,Yasuo,10,3,30.0
Shen,Lucian,14,8,57.14
Pantheon,Azir,5,3,60.0
Xin Zhao,Irelia,1,1,100.0
Talon,Morgana,3,3,100.0
Rumble,Aphelios,8,3,37.5
Graves,Gwen,1,1,100.0
Karthus,Zyra,6,4,66.67
Viego,Cassiopeia,20,8,40.0
Udyr,Brand,4,3,75.0
Shen,Brand,3,0,0.0
Graves,Draven,48,30,62.5
Kindred,Ekko,2,2,100.0
Dr. Mundo,Brand,1,1,100.0
Zed,Tahm Kench,1,1,100.0
Zac,Olaf,1,0,0.0
Vi,Kennen,2,0,0.0
Xin Zhao,Morgana,17,8,47.06
Lee Sin,Ahri,4,2,50.0
Fiddlesticks,Nilah,21,7,33.33
Zyra,Smolder,20,6,30.0
Lillia,Hwei,5,3,60.0
Trundle,Aurelion Sol,33,15,45.45
Talon,Brand,9,5,55.56
Sejuani,Mel,18,13,72.22
Sion,Aphelios,14,11,78.57
Gragas,Varus,25,12,48.0
Nautilus,Smolder,2,0,0.0
Rengar,Syndra,12,4,33.33
Shyvana,Bard,2,0,0.0
Zeri,Aphelios,2,1,50.0
KhaZix,Vladimir,4,3,75.0
Gwen,Nilah,20,6,30.0
KogMaw,Aphelios,2,0,0.0
Sejuani,Sivir,66,24,36.36
Gwen,Swain,9,7,77.78
Graves,Twisted Fate,2,2,100.0
Zyra,Janna,1,0,0.0
Master Yi,Ashe,99,67,67.68
Nidalee,Karthus,15,4,26.67
Poppy,Samira,20,14,70.0
Shyvana,Urgot,1,1,100.0
Irelia,Sivir,2,0,0.0
Viego,Xerath,8,7,87.5
KhaZix,Irelia,1,0,0.0
Master Yi,Syndra,7,5,71.43
Kindred,Kled,2,2,100.0
Rengar,Urgot,1,1,100.0
Yorick,Corki,2,2,100.0
Trundle,Swain,25,17,68.0
Kindred,Bard,1,1,100.0
Pantheon,Morgana,5,3,60.0
Jarvan IV,Brand,29,8,27.59
Shen,Yunara,7,0,0.0
Ekko,Nilah,74,30,40.54
Belveth,Diana,2,0,0.0
Olaf,Sivir,12,11,91.67
Brand,Varus,12,3,25.0
Fiddlesticks,Irelia,3,0,0.0
Diana,Mel,35,13,37.14
Graves,Nilah,11,3,27.27
Nocturne,Jayce,1,1,100.0
Maokai,Viktor,1,1,100.0
Pantheon,Brand,33,19,57.58
Rammus,Yone,2,0,0.0
Trundle,Brand,23,18,78.26
Warwick,Senna,32,23,71.88
Wukong,Veigar,16,4,25.0
Zac,KogMaw,37,14,37.84
Jax,KogMaw,11,5,45.45
Talon,VelKoz,7,4,57.14
Amumu,Yasuo,6,3,50.0
Nunu & Willump,Irelia,2,0,0.0
Volibear,Urgot,1,0,0.0
KhaZix,Lissandra,1,1,100.0
Vi,Aurora,1,0,0.0
Jayce,Lucian,5,0,0.0
Darius,Twitch,9,7,77.78
Reksai,Hwei,16,3,18.75
Briar,Yunara,67,17,25.37
Reksai,Draven,48,30,62.5
Lillia,Lux,8,1,12.5
Elise,Irelia,2,1,50.0
Kaisa,Caitlyn,12,11,91.67
Yorick,Twitch,1,0,0.0
Teemo,Aphelios,4,1,25.0
Gragas,Tristana,12,6,50.0
Corki,VelKoz,2,2,100.0
Trundle,Ivern,2,0,0.0
Rumble,Jinx,10,8,80.0
Rengar,Irelia,2,1,50.0
Neeko,Samira,1,1,100.0
KhaZix,Veigar,21,10,47.62
Tryndamere,Swain,1,0,0.0
Gwen,Urgot,1,1,100.0
Lillia,Mel,26,11,42.31
Warwick,Xayah,30,19,63.33
Kayn,Veigar,22,9,40.91
Lee Sin,Karma,4,3,75.0
Lee Sin,Taliyah,18,10,55.56
Nunu & Willump,Taliyah,3,0,0.0
Skarner,Miss Fortune,20,6,30.0
Zed,Taliyah,5,3,60.0
Diana,Taliyah,1,1,100.0
Lillia,Taliyah,1,1,100.0
Master Yi,Taliyah,5,3,60.0
Talon,Irelia,4,2,50.0
Udyr,Taliyah,4,2,50.0
Talon,Veigar,36,15,41.67
Kaisa,Hwei,1,1,100.0
Aatrox,Sivir,4,0,0.0
Reksai,Zeri,29,17,58.62
Kayn,Aurora,4,2,50.0
Fiddlesticks,Ziggs,24,10,41.67
Reksai,Yunara,58,13,22.41
Master Yi,Veigar,20,16,80.0
Trundle,Gragas,2,2,100.0
Zac,Azir,5,2,40.0
Rumble,Tristana,3,3,100.0
Kayn,VelKoz,6,4,66.67
Neeko,Corki,3,0,0.0
Zyra,Swain,3,3,100.0
Trundle,Kalista,29,8,27.59
Darius,Lucian,17,5,29.41
Rumble,Zyra,2,2,100.0
Shaco,Zilean,1,0,0.0
Draven,Jhin,3,3,100.0
Kayn,Neeko,1,1,100.0
Malphite,Varus,4,1,25.0
Nasus,Aphelios,7,4,57.14
Camille,Varus,1,0,0.0
Darius,Ziggs,4,2,50.0
Camille,Tristana,2,2,100.0
KhaZix,Aurelion Sol,19,5,26.32
Brand,Jhin,25,19,76.0
Zyra,Ashe,15,0,0.0
Maokai,Varus,10,6,60.0
KhaZix,Yasuo,15,5,33.33
Briar,Vayne,22,14,63.64
Reksai,Zyra,7,2,28.57
Udyr,Irelia,6,3,50.0
Udyr,Zilean,1,1,100.0
Evelynn,Karma,1,0,0.0
Reksai,Seraphine,5,5,100.0
Rammus,Veigar,3,1,33.33
Corki,Yone,1,0,0.0
Xin Zhao,Veigar,34,15,44.12
Pantheon,Anivia,2,1,50.0
Skarner,Aphelios,59,17,28.81
Rammus,Mel,8,5,62.5
Amumu,Seraphine,1,1,100.0
Zac,Karthus,7,7,100.0
Heimerdinger,Twitch,4,4,100.0
Zed,Irelia,1,0,0.0
Evelynn,Lux,2,0,0.0
Pantheon,Ahri,2,0,0.0
Briar,Morgana,1,1,100.0
Trundle,Zilean,2,0,0.0
Aurelion Sol,Irelia,5,5,100.0
Sion,Smolder,9,2,22.22
Taliyah,Karthus,3,2,66.67
Ekko,VelKoz,3,2,66.67
Hecarim,Zoe,3,0,0.0
Wukong,Azir,1,1,100.0
Jax,Nilah,11,8,72.73
KhaZix,Nilah,35,17,48.57
Aatrox,Corki,5,2,40.0
Sejuani,Caitlyn,32,14,43.75
Vi,Sona,3,1,33.33
Draven,Veigar,2,0,0.0
Viego,Aurora,6,4,66.67
Warwick,Miss Fortune,16,4,25.0
Yorick,Lux,1,0,0.0
Brand,Tristana,7,3,42.86
Dr. Mundo,Karthus,47,25,53.19
Graves,Syndra,8,6,75.0
Briar,Ezreal,108,53,49.07
KhaZix,Yone,2,0,0.0
Sejuani,Vayne,16,11,68.75
Taliyah,Seraphine,3,1,33.33
Elise,Sona,2,0,0.0
Shyvana,Senna,34,16,47.06
Jayce,Varus,2,0,0.0
Jarvan IV,Cassiopeia,32,23,71.88
Gragas,Nilah,3,0,0.0
Maokai,KogMaw,4,1,25.0
Shaco,Syndra,7,3,42.86
Yorick,Sivir,10,0,0.0
Master Yi,Yunara,231,123,53.25
Ivern,Hwei,34,18,52.94
Kayn,Heimerdinger,4,1,25.0
Zyra,Taliyah,2,0,0.0
Belveth,Ekko,2,2,100.0
Teemo,Samira,3,1,33.33
Master Yi,Samira,23,12,52.17
Hecarim,Syndra,11,2,18.18
Jax,Seraphine,19,7,36.84
Shen,Jinx,3,2,66.67
Corki,Seraphine,3,0,0.0
Belveth,Kindred,2,1,50.0
Lee Sin,Viego,2,2,100.0
Shen,Zeri,1,0,0.0
Viego,Kled,2,0,0.0
Master Yi,Soraka,1,0,0.0
Olaf,Kaisa,32,23,71.88
Kayn,Syndra,13,9,69.23
Belveth,Gwen,2,2,100.0
Kindred,Amumu,1,0,0.0
Rumble,Kaisa,5,2,40.0
Tryndamere,Lissandra,1,0,0.0
Skarner,Jhin,65,25,38.46
Zyra,Veigar,5,2,40.0
Aatrox,Kaisa,2,2,100.0
Reksai,Ahri,1,0,0.0
Olaf,Lucian,50,21,42.0
Morgana,Jhin,11,8,72.73
Zyra,Miss Fortune,16,4,25.0
Malphite,Ezreal,1,1,100.0
Mordekaiser,Smolder,22,8,36.36
Ekko,Aurora,1,0,0.0
Nidalee,Xerath,2,0,0.0
Ekko,Vladimir,5,5,100.0
Rammus,Kalista,19,8,42.11
Skarner,Yasuo,12,12,100.0
Zyra,Lux,2,0,0.0
Dr. Mundo,Seraphine,13,7,53.85
Rumble,Ashe,1,1,100.0
Nidalee,Jax,9,9,100.0
Kindred,Karthus,44,28,63.64
Darius,Ezreal,17,6,35.29
Urgot,Tristana,7,1,14.29
Heimerdinger,Lucian,3,0,0.0
Mordekaiser,Jhin,13,8,61.54
Zed,Volibear,1,0,0.0
Naafiri,Swain,22,8,36.36
Rammus,VelKoz,3,3,100.0
Shen,Caitlyn,1,0,0.0
Dr. Mundo,Briar,1,0,0.0
Evelynn,Nunu & Willump,2,2,100.0
Xin Zhao,Urgot,1,1,100.0
Volibear,Aurelion Sol,6,4,66.67
Master Yi,Viktor,22,10,45.45
Kayn,Ahri,1,0,0.0
Gwen,Sion,1,1,100.0
Reksai,Viktor,6,5,83.33
Jarvan IV,Urgot,3,3,100.0
Ivern,Kled,1,0,0.0
Trundle,Kled,2,0,0.0
Ivern,Ashe,54,31,57.41
Jayce,Seraphine,1,1,100.0
Kaisa,Ezreal,9,5,55.56
Zyra,Aurelion Sol,2,1,50.0
Ambessa,Viktor,1,1,100.0
Nocturne,Xerath,10,9,90.0
Nidalee,Irelia,1,0,0.0
Zyra,Brand,1,1,100.0
KhaZix,Teemo,2,1,50.0
Nunu & Willump,Jayce,1,0,0.0
Hecarim,Xerath,2,0,0.0
Vi,Aurelion Sol,37,25,67.57
Yunara,Veigar,1,0,0.0
Karthus,Xerath,2,0,0.0
Kindred,KogMaw,48,20,41.67
Wukong,KogMaw,37,6,16.22
Lee Sin,Aurelion Sol,52,31,59.62
Lee Sin,Ekko,3,3,100.0
Teemo,Varus,2,2,100.0
Zac,Veigar,1,1,100.0
Zac,Aurora,1,1,100.0
Zac,Akshan,1,1,100.0
Sion,Seraphine,2,0,0.0
Nunu & Willump,Naafiri,2,2,100.0
Zed,Brand,27,20,74.07
Pantheon,Lissandra,2,1,50.0
Warwick,Yasuo,7,5,71.43
Kaisa,KogMaw,1,0,0.0
Reksai,KogMaw,23,4,17.39
Poppy,Cassiopeia,3,1,33.33
Gwen,Irelia,3,1,33.33
Trundle,Cassiopeia,2,2,100.0
Poppy,Swain,13,9,69.23
Teemo,Veigar,1,0,0.0
Kaisa,Seraphine,3,1,33.33
Draven,Sivir,7,0,0.0
Jayce,Kaisa,1,0,0.0
Darius,Veigar,1,0,0.0
Zeri,Lucian,4,3,75.0
Xin Zhao,Xerath,6,1,16.67
Fiddlesticks,Vayne,25,10,40.0
Zyra,KogMaw,14,6,42.86
Gwen,Quinn,1,0,0.0
Taliyah,VelKoz,3,3,100.0
Viego,Aurelion Sol,48,16,33.33
Sylas,Hwei,5,1,20.0
Naafiri,Irelia,2,0,0.0
Shyvana,Ashe,8,4,50.0
Olaf,Aphelios,26,17,65.38
KhaZix,Nami,4,0,0.0
Taliyah,Yunara,20,4,20.0
Amumu,Neeko,2,0,0.0
Graves,Veigar,8,5,62.5
Zeri,Ziggs,2,2,100.0
Volibear,Aurora,2,0,0.0
Lee Sin,VelKoz,26,7,26.92
Nocturne,Viktor,11,6,54.55
Belveth,Irelia,6,5,83.33
Lillia,Ashe,86,35,40.7
Shaco,Zyra,5,2,40.0
Ambessa,VelKoz,1,0,0.0
Belveth,Cassiopeia,4,4,100.0
Hecarim,Jayce,3,2,66.67
Graves,Seraphine,27,16,59.26
Twitch,Miss Fortune,2,0,0.0
Graves,Urgot,2,0,0.0
Olaf,Xayah,6,4,66.67
Gwen,Kindred,1,1,100.0
Rengar,Azir,1,1,100.0
Fiddlesticks,Kled,1,0,0.0
Viego,Singed,2,0,0.0
Rumble,Karthus,1,1,100.0
Hecarim,Zac,2,0,0.0
Malphite,Sivir,1,0,0.0
Viego,Yone,2,2,100.0
KhaZix,Thresh,1,0,0.0
Hecarim,Lissandra,1,0,0.0
Kindred,Brand,19,17,89.47
Dr. Mundo,Syndra,1,1,100.0
Hecarim,Soraka,3,3,100.0
Corki,Jinx,5,5,100.0
Wukong,Seraphine,37,20,54.05
Skarner,Vayne,20,18,90.0
Maokai,Aphelios,20,10,50.0
Dr. Mundo,Morgana,1,0,0.0
Ekko,Aurelion Sol,9,4,44.44
Tryndamere,Zyra,1,1,100.0
Qiyana,Vladimir,2,2,100.0
Skarner,Jinx,34,9,26.47
Graves,VelKoz,4,2,50.0
Master Yi,Irelia,2,1,50.0
Volibear,Taliyah,1,1,100.0
Rumble,Miss Fortune,2,0,0.0
Zeri,Jinx,1,0,0.0
Zyra,Nilah,5,2,40.0
Quinn,Yunara,3,0,0.0
Yorick,Karthus,1,1,100.0
Warwick,Ashe,14,8,57.14
Darius,Jhin,31,12,38.71
Volibear,Kled,1,0,0.0
Sejuani,Hwei,14,6,42.86
Brand,Twitch,5,0,0.0
Morgana,Sivir,15,13,86.67
Jarvan IV,Sona,5,0,0.0
Taliyah,Akshan,1,0,0.0
Shyvana,Irelia,1,1,100.0
Nunu & Willump,Neeko,1,0,0.0
Sylas,Zeri,10,5,50.0
Nidalee,Mel,20,17,85.0
Lillia,Nunu & Willump,1,1,100.0
Hecarim,Brand,12,11,91.67
Amumu,Kalista,3,0,0.0
Hecarim,Taliyah,6,5,83.33
KhaZix,Taliyah,3,2,66.67
Kindred,Samira,46,22,47.83
Shyvana,Yunara,15,5,33.33
Ivern,Ahri,1,1,100.0
Corki,Zeri,8,0,0.0
Lee Sin,Aurora,9,3,33.33
Lillia,Seraphine,21,12,57.14
Gwen,VelKoz,2,0,0.0
Shaco,Ziggs,30,4,13.33
Xin Zhao,Lissandra,1,1,100.0
Diana,Kindred,2,0,0.0
Graves,Xerath,3,2,66.67
Maokai,Zeri,12,6,50.0
Jayce,Corki,1,1,100.0
Urgot,Hwei,1,0,0.0
Naafiri,Seraphine,44,24,54.55
Reksai,Syndra,1,1,100.0
Zeri,Varus,1,1,100.0
Master Yi,Riven,1,1,100.0
Warwick,Caitlyn,71,25,35.21
Master Yi,Lissandra,1,1,100.0
Kayn,Xerath,8,3,37.5
Reksai,Miss Fortune,34,29,85.29
Dr. Mundo,Kalista,20,5,25.0
Kayn,Karma,2,0,0.0
Rumble,Varus,3,1,33.33
Maokai,Ziggs,8,5,62.5
Taliyah,Veigar,1,0,0.0
Belveth,Kassadin,1,1,100.0
Olaf,Miss Fortune,22,15,68.18
Udyr,Viktor,8,6,75.0
Kaisa,Corki,2,0,0.0
Amumu,Xayah,6,3,50.0
Nautilus,Aphelios,1,1,100.0
Kindred,Malzahar,2,1,50.0
Hecarim,Cassiopeia,6,4,66.67
Kaisa,Draven,1,0,0.0
Belveth,Ahri,1,1,100.0
Poppy,Quinn,2,0,0.0
Hecarim,Neeko,1,0,0.0
Pantheon,Irelia,3,0,0.0
Rumble,Draven,1,1,100.0
Lee Sin,Cassiopeia,22,11,50.0
Shyvana,Samira,7,0,0.0
Draven,Seraphine,1,1,100.0
Gragas,Xayah,11,3,27.27
Pantheon,Neeko,5,3,60.0
Amumu,Sivir,20,12,60.0
Qiyana,Syndra,11,5,45.45
Qiyana,Veigar,9,3,33.33
Riven,Jinx,1,0,0.0
Karthus,Kindred,1,0,0.0
Maokai,Smolder,17,13,76.47
Nocturne,Lissandra,1,1,100.0
Kayn,Katarina,1,0,0.0
Kindred,Vladimir,4,3,75.0
Trundle,Viktor,6,2,33.33
Briar,Yasuo,7,0,0.0
Kaisa,Ornn,1,0,0.0
Elise,Rengar,1,1,100.0
Teemo,Lux,2,1,50.0
Amumu,Twitch,17,3,17.65
Vi,Cassiopeia,31,22,70.97
Tryndamere,Aphelios,3,0,0.0
Rumble,Irelia,1,0,0.0
Brand,Syndra,1,0,0.0
Diana,Kled,1,1,100.0
Zyra,Katarina,1,0,0.0
Skarner,Xayah,31,16,51.61
Kaisa,Swain,1,1,100.0
Karthus,Naafiri,1,0,0.0
Teemo,KogMaw,1,0,0.0
Teemo,Jhin,7,2,28.57
Sylas,Twitch,15,2,13.33
Ornn,Caitlyn,2,0,0.0
Jarvan IV,Lissandra,1,0,0.0
Briar,Zyra,1,0,0.0
Viego,Fiora,23,14,60.87
Kaisa,Jayce,1,0,0.0
Malphite,Jayce,1,0,0.0
Wukong,Brand,15,5,33.33
Brand,Swain,1,0,0.0
Morgana,Ashe,7,1,14.29
Rumble,Smolder,9,0,0.0
Olaf,Hwei,8,8,100.0
Xin Zhao,Ahri,2,1,50.0
Talon,Ahri,1,1,100.0
Amumu,Brand,1,0,0.0
Ivern,Nilah,53,37,69.81
Pantheon,Aurelion Sol,57,28,49.12
Shyvana,Yasuo,2,1,50.0
Zeri,Tristana,2,0,0.0
Shyvana,Caitlyn,21,14,66.67
Wukong,VelKoz,7,4,57.14
Lee Sin,Xerath,2,2,100.0
Rengar,Xerath,10,2,20.0
Draven,Vayne,1,1,100.0
Jayce,Ashe,1,1,100.0
Sylas,KogMaw,2,0,0.0
Morgana,Vayne,5,3,60.0
Hecarim,Vladimir,1,0,0.0
Zyra,Yone,1,1,100.0
Trundle,Nilah,66,30,45.45
Pantheon,Zoe,4,0,0.0
Dr. Mundo,Veigar,22,8,36.36
Gragas,Aurelion Sol,1,1,100.0
Belveth,Fizz,1,1,100.0
Master Yi,Cassiopeia,8,4,50.0
Wukong,Cassiopeia,31,22,70.97
Wukong,Ahri,1,1,100.0
Kindred,VelKoz,8,7,87.5
Udyr,VelKoz,4,1,25.0
Volibear,Zilean,2,1,50.0
Belveth,Syndra,5,5,100.0
Ivern,Aurora,1,0,0.0
Amumu,Miss Fortune,15,4,26.67
Sylas,Seraphine,1,0,0.0
Olaf,Draven,4,3,75.0
Chogath,Varus,1,0,0.0
Ivern,Galio,1,1,100.0
Naafiri,Cassiopeia,7,1,14.29
Naafiri,VelKoz,6,4,66.67
Shaco,Ekko,1,0,0.0
Ivern,VelKoz,2,0,0.0
Qiyana,Zyra,1,1,100.0
Evelynn,Zyra,1,1,100.0
Rengar,Bard,1,1,100.0
Vi,Anivia,6,1,16.67
Master Yi,Seraphine,39,17,43.59
Gwen,Veigar,6,2,33.33
Master Yi,Jayce,1,0,0.0
Shaco,Irelia,1,1,100.0
Reksai,Kayle,2,2,100.0
Kaisa,Kayle,1,0,0.0
Shyvana,Hwei,2,1,50.0
Graves,Reksai,1,0,0.0
Nocturne,Urgot,1,0,0.0
Yorick,Tristana,1,0,0.0
Hecarim,Akshan,1,1,100.0
Volibear,VelKoz,4,2,50.0
Teemo,Vayne,1,1,100.0
Neeko,Tristana,5,1,20.0
Shaco,Viktor,1,0,0.0
Jax,Mel,32,11,34.38
Nasus,Samira,2,0,0.0
Rumble,Seraphine,1,0,0.0
Skarner,Kled,1,1,100.0
Naafiri,Nilah,33,26,78.79
Wukong,Morgana,5,5,100.0
Brand,Xayah,3,1,33.33
Karthus,Veigar,7,0,0.0
Lillia,Kindred,1,1,100.0
Master Yi,VelKoz,9,1,11.11
Fiddlesticks,Xerath,1,0,0.0
Nunu & Willump,Urgot,1,0,0.0
Morgana,Seraphine,2,1,50.0
Sejuani,Brand,1,0,0.0
Yorick,Zeri,7,0,0.0
Nocturne,Akali,1,1,100.0
Jax,Samira,14,10,71.43
Mordekaiser,Aurora,1,0,0.0
Rumble,Xayah,5,1,20.0
Jarvan IV,Pyke,1,0,0.0
Zed,Fizz,1,1,100.0
Ivern,Aurelion Sol,18,12,66.67
Ambessa,Swain,4,1,25.0
Gragas,Swain,3,2,66.67
Zyra,Maokai,1,0,0.0
Sylas,Corki,3,2,66.67
Rumble,Caitlyn,1,1,100.0
Varus,Ezreal,1,1,100.0
Draven,Varus,1,0,0.0
Graves,Yone,2,1,50.0
Jax,Yasuo,12,12,100.0
Nasus,Yunara,5,2,40.0
Volibear,Kindred,1,1,100.0
Taliyah,Zyra,1,0,0.0
Amumu,Ziggs,5,3,60.0
Sejuani,Samira,13,6,46.15
Hecarim,Urgot,1,0,0.0
Reksai,Samira,27,22,81.48
Ivern,Xerath,2,0,0.0
Karthus,Hwei,1,1,100.0
Karthus,Kled,1,1,100.0
Karthus,Annie,2,0,0.0
Karthus,Swain,6,6,100.0
Zyra,Ziggs,2,2,100.0
Volibear,Zoe,1,1,100.0
Talon,Xerath,2,1,50.0
Taric,Sivir,1,1,100.0
Taric,Caitlyn,1,0,0.0
Trundle,Nautilus,1,0,0.0
KhaZix,Cassiopeia,7,6,85.71
Udyr,Yone,1,0,0.0
Brand,Mel,1,0,0.0
Master Yi,Nilah,26,18,69.23
Ivern,Karma,2,1,50.0
Ekko,Yorick,1,0,0.0
Rumble,Yunara,8,0,0.0
Smolder,Udyr,1,0,0.0
Master Yi,Xerath,2,2,100.0
Master Yi,Swain,17,11,64.71
Talon,Katarina,2,1,50.0
Tryndamere,Vayne,1,0,0.0
Rumble,Vayne,1,0,0.0
Kaisa,Lux,3,1,33.33
Fiddlesticks,Syndra,1,1,100.0
Rammus,Azir,1,0,0.0
Kindred,Zoe,2,1,50.0
Karthus,Gwen,1,0,0.0
Dr. Mundo,Cassiopeia,21,11,52.38
Xin Zhao,Soraka,3,3,100.0
Kaisa,Senna,4,0,0.0
Zyra,Kalista,8,1,12.5
Wukong,Jax,8,8,100.0
Morgana,Ezreal,28,1,3.57
Kayn,Cassiopeia,15,7,46.67
Zed,Vladimir,8,3,37.5
Brand,Kalista,6,4,66.67
Briar,Ashe,34,16,47.06
Volibear,Qiyana,6,0,0.0
KhaZix,Chogath,11,3,27.27
KhaZix,Brand,8,0,0.0
Maokai,Ashe,10,4,40.0
Wukong,Zilean,11,2,18.18
Briar,Ziggs,34,21,61.76
Neeko,Kaisa,15,4,26.67
Fiddlesticks,Qiyana,3,3,100.0
Naafiri,Anivia,6,1,16.67
Sejuani,Cassiopeia,12,4,33.33
Nocturne,Brand,21,12,57.14
Nidalee,Cassiopeia,3,3,100.0
Kindred,Xerath,16,10,62.5
Maokai,Nami,3,3,100.0
Lillia,Chogath,10,4,40.0
Naafiri,Singed,4,0,0.0
Brand,Ashe,12,4,33.33
Briar,Cassiopeia,9,9,100.0
Darius,Aphelios,4,3,75.0
Corki,Yunara,8,1,12.5
Draven,Senna,8,8,100.0
Jarvan IV,Warwick,5,5,100.0
Draven,Kaisa,2,2,100.0
Kindred,Chogath,7,0,0.0
Wukong,Vladimir,3,3,100.0
Sylas,Xayah,12,9,75.0
Naafiri,Akshan,2,2,100.0
Kindred,Cassiopeia,2,0,0.0
Warwick,Varus,39,22,56.41
Kindred,Kalista,32,24,75.0
Nunu & Willump,Brand,2,2,100.0
Olaf,Mel,28,11,39.29
Wukong,Aurelion Sol,24,9,37.5
Briar,KogMaw,39,25,64.1
Warwick,Zyra,9,0,0.0
Amumu,KogMaw,12,7,58.33
Warwick,Karthus,6,4,66.67
Evelynn,Cassiopeia,3,3,100.0
Warwick,Vladimir,7,7,100.0
Lillia,Aurelion Sol,10,4,40.0
Vi,Chogath,9,2,22.22
Jarvan IV,Heimerdinger,11,2,18.18
Ivern,Taliyah,2,0,0.0
Neeko,Swain,3,1,33.33
Rengar,Kalista,17,5,29.41
Zed,Chogath,12,4,33.33
Briar,Kalista,12,2,16.67
Xin Zhao,Anivia,5,5,100.0
Kindred,Aurelion Sol,12,6,50.0
Sejuani,Veigar,5,5,100.0
Fiddlesticks,Morgana,1,1,100.0
Kayn,Morgana,11,4,36.36
Evelynn,Ziggs,8,3,37.5
Morgana,Twisted Fate,4,0,0.0
Olaf,Ziggs,11,2,18.18
Volibear,Xerath,5,5,100.0
Elise,Mel,14,10,71.43
KhaZix,Sett,1,1,100.0
Sejuani,Miss Fortune,21,8,38.1
Jarvan IV,Kayle,15,7,46.67
Vi,Jax,8,0,0.0
Briar,Samira,9,6,66.67
Olaf,Ezreal,48,22,45.83
Nidalee,Chogath,14,5,35.71
Darius,Senna,11,0,0.0
Nocturne,Morgana,2,2,100.0
Yone,Nilah,4,0,0.0
Xin Zhao,Vladimir,19,6,31.58
Nidalee,VelKoz,5,1,20.0
Master Yi,Karthus,48,38,79.17
Neeko,Miss Fortune,7,5,71.43
Poppy,Aurelion Sol,16,9,56.25
Karthus,Aurelion Sol,14,9,64.29
Mordekaiser,Kaisa,12,3,25.0
Mordekaiser,Ezreal,20,7,35.0
Taliyah,Cassiopeia,4,0,0.0
Naafiri,Brand,9,8,88.89
Vi,Singed,3,0,0.0
Master Yi,Kalista,19,7,36.84
Zeri,Yunara,6,6,100.0
Volibear,Veigar,16,7,43.75
Kayle,Veigar,1,0,0.0
Skarner,Veigar,7,3,42.86
Chogath,Jinx,9,9,100.0
KogMaw,Seraphine,2,0,0.0
Aatrox,KogMaw,2,2,100.0
Shyvana,Karthus,3,2,66.67
Kaisa,Yunara,2,0,0.0
Evelynn,Yone,4,0,0.0
Brand,Anivia,3,0,0.0
Xin Zhao,Chogath,6,4,66.67
Draven,Poppy,5,0,0.0
KhaZix,Milio,3,0,0.0
Vi,Morgana,1,0,0.0
Shyvana,Mel,11,7,63.64
Trundle,Jax,7,7,100.0
Nidalee,Veigar,9,3,33.33
Rammus,Chogath,1,1,100.0
Diana,VelKoz,5,2,40.0
Kayn,Akshan,5,1,20.0
Sylas,Viktor,1,1,100.0
Briar,Veigar,6,1,16.67
Kindred,Ahri,2,2,100.0
Aatrox,Draven,2,2,100.0
Diana,Syndra,5,0,0.0
Belveth,Twisted Fate,3,1,33.33
Darius,Aurelion Sol,2,2,100.0
Mordekaiser,Aphelios,3,3,100.0
Naafiri,Aurelion Sol,12,6,50.0
Mordekaiser,Ziggs,4,1,25.0
Zed,Nami,2,0,0.0
Kayn,Sett,1,1,100.0
Karthus,Seraphine,7,6,85.71
Warwick,KogMaw,16,13,81.25
Ambessa,Aurelion Sol,7,6,85.71
Maokai,Miss Fortune,9,1,11.11
Draven,Lux,3,3,100.0
Lee Sin,Chogath,14,6,42.86
Neeko,Ziggs,2,0,0.0
Elise,Vladimir,3,3,100.0
Rengar,Vladimir,5,4,80.0
Vi,Kayle,4,0,0.0
Camille,Ezreal,2,0,0.0
Warwick,Lucian,84,38,45.24
Hecarim,Aurelion Sol,29,7,24.14
Ivern,Wukong,1,1,100.0
Sylas,Smolder,6,3,50.0
Nocturne,Aurelion Sol,14,7,50.0
Shyvana,Syndra,3,0,0.0
Gwen,Ziggs,4,0,0.0
Warwick,Ezreal,83,46,55.42
Zed,Sett,2,2,100.0
Darius,Smolder,13,8,61.54
Viego,Vladimir,9,2,22.22
Neeko,Veigar,2,0,0.0
Rammus,Syndra,2,0,0.0
Rammus,Aurelion Sol,1,1,100.0
Zac,Zoe,1,1,100.0
Vi,Zilean,6,6,100.0
Lee Sin,Annie,3,0,0.0
Lee Sin,Morgana,4,2,50.0
Shen,Vayne,3,0,0.0
Evelynn,Vayne,23,10,43.48
Nunu & Willump,Qiyana,4,4,100.0
Rumble,Mel,1,0,0.0
Shyvana,Kalista,8,3,37.5
Kayn,Viktor,16,2,12.5
Ekko,Taliyah,3,3,100.0
Zed,Cassiopeia,9,1,11.11
Briar,Nilah,8,5,62.5
Master Yi,Janna,1,0,0.0
Pantheon,Ryze,3,0,0.0
Graves,Brand,5,5,100.0
Naafiri,Azir,2,0,0.0
Hecarim,Dr. Mundo,2,2,100.0
Naafiri,Chogath,3,3,100.0
Gragas,Ziggs,6,3,50.0
Nocturne,Qiyana,2,0,0.0
Brand,Caitlyn,7,5,71.43
Nasus,Tristana,2,0,0.0
Vayne,Jhin,13,11,84.62
Trundle,Ryze,1,0,0.0
Kled,Yunara,5,0,0.0
Diana,Aurelion Sol,11,5,45.45
Darius,Karthus,1,0,0.0
Sejuani,Vladimir,3,0,0.0
Jarvan IV,Jax,3,3,100.0
Darius,Kalista,3,0,0.0
Kayn,Jax,2,0,0.0
Sett,Jhin,2,1,50.0
Xin Zhao,Jax,1,1,100.0
Mordekaiser,Draven,3,0,0.0
Reksai,Aurelion Sol,6,5,83.33
Sejuani,Ashe,33,17,51.52
Chogath,Ashe,2,0,0.0
Zed,Zilean,9,2,22.22
Neeko,Draven,2,2,100.0
Gragas,Kalista,4,3,75.0
Rengar,Cassiopeia,4,3,75.0
Elise,VelKoz,3,3,100.0
Zed,Katarina,3,3,100.0
Warwick,Zoe,3,0,0.0
Sion,Yasuo,1,0,0.0
Sion,Rengar,2,0,0.0
Morgana,Aphelios,11,4,36.36
Gwen,Aurelion Sol,4,1,25.0
Talon,Chogath,5,3,60.0
Draven,Aurelion Sol,2,0,0.0
Rengar,Tahm Kench,1,0,0.0
Nocturne,Singed,1,1,100.0
Zed,Malzahar,2,2,100.0
Kayle,Sivir,3,2,66.67
Zed,Singed,5,0,0.0
Amumu,Cassiopeia,4,0,0.0
Sejuani,Anivia,2,2,100.0
Neeko,Aphelios,2,0,0.0
Reksai,Ashe,28,11,39.29
Naafiri,Nasus,1,0,0.0
Belveth,Akshan,3,1,33.33
Neeko,Senna,5,3,60.0
Zac,Chogath,3,1,33.33
Amumu,Ashe,20,4,20.0
Zac,Yone,2,2,100.0
Skarner,Ziggs,16,2,12.5
Hecarim,Zilean,3,2,66.67
Naafiri,Kayle,3,3,100.0
Katarina,Tristana,2,0,0.0
Ezreal,Lucian,1,0,0.0
Skarner,Cassiopeia,1,1,100.0
Belveth,Veigar,4,2,50.0
Udyr,Qiyana,5,3,60.0
Sona,Seraphine,1,0,0.0
Zed,Anivia,1,1,100.0
Warwick,Smolder,62,33,53.23
Master Yi,Aurelion Sol,12,10,83.33
Yasuo,Yunara,3,0,0.0
Udyr,Aurelion Sol,14,5,35.71
Zac,Warwick,2,0,0.0
Hecarim,Nilah,51,12,23.53
Ekko,Jax,1,1,100.0
Yone,Ezreal,1,0,0.0
Lucian,Nilah,1,1,100.0
Pantheon,Vi,2,2,100.0
Neeko,Xayah,1,0,0.0
Darius,Miss Fortune,12,8,66.67
Diana,Veigar,10,8,80.0
Darius,Swain,1,1,100.0
Camille,Vladimir,1,1,100.0
Pantheon,Qiyana,1,1,100.0
Warwick,Vayne,23,16,69.57
Kayn,Malzahar,3,0,0.0
Vayne,Draven,1,1,100.0
Vi,VelKoz,1,1,100.0
Ekko,Karthus,8,1,12.5
Lux,Kaisa,2,0,0.0
Viego,Anivia,1,0,0.0
Draven,Ashe,6,0,0.0
Dr. Mundo,Aurelion Sol,32,16,50.0
Fiddlesticks,Karma,1,1,100.0
Nilah,Aphelios,1,1,100.0
Aphelios,Varus,1,0,0.0
Shyvana,Lux,14,12,85.71
Shen,Miss Fortune,1,1,100.0
Nocturne,Rengar,3,0,0.0
Draven,Samira,2,0,0.0
Chogath,Tristana,2,0,0.0
Skarner,VelKoz,4,4,100.0
Rumble,Lux,2,0,0.0
Sion,Ezreal,3,3,100.0
Jax,Brand,5,5,100.0
Rengar,Brand,10,8,80.0
Xin Zhao,Rumble,1,1,100.0
Xin Zhao,Brand,18,2,11.11
Rumble,Kayle,1,1,100.0
Mordekaiser,Ashe,6,6,100.0
Graves,Anivia,4,3,75.0
Belveth,Aurelion Sol,9,2,22.22
Evelynn,Aurelion Sol,1,0,0.0
Evelynn,Brand,4,1,25.0
Mordekaiser,Nilah,2,0,0.0
Yasuo,Chogath,2,2,100.0
Udyr,Akshan,4,0,0.0
Warwick,Nilah,17,11,64.71
Kayn,Zilean,1,0,0.0
Draven,Darius,1,1,100.0
Draven,Karthus,4,3,75.0
Fiddlesticks,Veigar,4,1,25.0
Viego,Katarina,3,0,0.0
Nocturne,Lulu,2,2,100.0
Vayne,Tristana,2,1,50.0
Hecarim,Singed,1,0,0.0
Karthus,VelKoz,7,7,100.0
Pantheon,Zed,4,0,0.0
Morgana,Aurelion Sol,3,0,0.0
Olaf,Jinx,14,9,64.29
Shaco,Cassiopeia,4,4,100.0
Karthus,Syndra,2,1,50.0
Briar,Xerath,1,0,0.0
Neeko,Vladimir,2,2,100.0
Warwick,Jinx,55,31,56.36
KSante,Zeri,2,2,100.0
Zac,Sion,2,0,0.0
Vi,Syndra,12,11,91.67
Vayne,KogMaw,1,0,0.0
Gragas,Chogath,2,2,100.0
Nunu & Willump,Vladimir,2,0,0.0
Evelynn,Chogath,1,1,100.0
Shyvana,Chogath,1,1,100.0
Shaco,Chogath,1,0,0.0
Graves,Chogath,7,2,28.57
Hecarim,Chogath,2,1,50.0
Nocturne,Chogath,1,0,0.0
Trundle,Chogath,1,1,100.0
VelKoz,Caitlyn,1,0,0.0
Kayn,Chogath,2,2,100.0
Diana,Chogath,2,1,50.0
Nunu & Willump,Chogath,1,1,100.0
Wukong,Chogath,1,0,0.0
Gwen,Karma,2,0,0.0
Zyra,Hwei,3,1,33.33
Maokai,Mel,4,1,25.0
Ekko,Anivia,2,0,0.0
Lillia,VelKoz,2,1,50.0
Skarner,Nilah,4,2,50.0
Trundle,VelKoz,4,1,25.0
Diana,Akshan,2,1,50.0
Zac,Kalista,11,3,27.27
Rammus,Irelia,1,1,100.0
Maokai,Corki,17,9,52.94
Tryndamere,Ezreal,6,4,66.67
Shyvana,Vladimir,2,0,0.0
Evelynn,Xerath,1,0,0.0
Nocturne,Warwick,1,0,0.0
Amumu,Hwei,3,2,66.67
Trundle,Anivia,2,0,0.0
Rammus,Katarina,1,0,0.0
Evelynn,Seraphine,3,0,0.0
Brand,Yunara,2,2,100.0
Morgana,Caitlyn,21,11,52.38
Jarvan IV,Zilean,1,0,0.0
Lee Sin,Vladimir,9,6,66.67
Evelynn,Syndra,1,1,100.0
Kayn,Vladimir,3,3,100.0
Zyra,Mel,3,1,33.33
Ekko,Annie,1,1,100.0
Neeko,Varus,1,0,0.0
Kindred,Anivia,1,0,0.0
Ivern,Morgana,1,1,100.0
Amumu,Varus,7,2,28.57
Lillia,Zilean,1,1,100.0
Master Yi,Annie,1,0,0.0
Jarvan IV,Akshan,6,1,16.67
Lillia,Viktor,5,1,20.0
Maokai,Tristana,13,6,46.15
Diana,Nautilus,2,1,50.0
Teemo,Jinx,3,0,0.0
Draven,Jinx,1,0,0.0
Xin Zhao,Akshan,1,0,0.0
Singed,Jhin,1,0,0.0
Singed,KogMaw,1,0,0.0
Volibear,Viktor,8,7,87.5
Skarner,Aurelion Sol,7,2,28.57
Rammus,Seraphine,4,2,50.0
Vayne,Zeri,2,1,50.0
Mordekaiser,Veigar,1,0,0.0
Gragas,KogMaw,4,0,0.0
Mordekaiser,Miss Fortune,11,2,18.18
Rammus,Brand,6,3,50.0
Morgana,Karthus,5,4,80.0
Xin Zhao,Rammus,1,1,100.0
Lee Sin,Katarina,5,0,0.0
Morgana,Samira,4,2,50.0
Kindred,Taliyah,2,1,50.0
Lillia,Karthus,13,11,84.62
Naafiri,Vladimir,1,0,0.0
Naafiri,Katarina,1,0,0.0
Draven,Yunara,1,0,0.0
Hecarim,Vex,1,0,0.0
Graves,Kayle,1,1,100.0
Neeko,Zeri,3,0,0.0
KhaZix,Kayle,5,2,40.0
Rengar,Katarina,1,0,0.0
Amumu,Smolder,7,1,14.29
Warwick,Seraphine,15,3,20.0
Ambessa,Syndra,5,0,0.0
Volibear,Brand,16,0,0.0
Volibear,Akshan,5,4,80.0
Elise,Swain,18,6,33.33
Master Yi,Akshan,7,6,85.71
Viego,Teemo,5,4,80.0
Warwick,Draven,26,8,30.77
Warwick,Lux,14,1,7.14
Sion,Twitch,6,4,66.67
Jarvan IV,Qiyana,5,5,100.0
Kindred,Akshan,2,0,0.0
Yunara,Tristana,3,0,0.0
Elise,Karthus,13,0,0.0
Lillia,Akshan,11,5,45.45
Kaisa,Mel,5,4,80.0
Master Yi,Brand,6,5,83.33
Kaisa,Kalista,3,0,0.0
Warwick,Tristana,43,18,41.86
Pantheon,Katarina,5,4,80.0
Qiyana,Brand,4,3,75.0
Warwick,Corki,35,19,54.29
Kaisa,Smolder,4,1,25.0
Graves,Ahri,1,1,100.0
Warwick,Swain,15,11,73.33
Warwick,Ziggs,15,8,53.33
Kayn,Yone,3,3,100.0
Warwick,Jhin,47,16,34.04
Warwick,Yunara,47,23,48.94
Warwick,Sivir,32,20,62.5
Warwick,Samira,17,11,64.71
Ivern,Brand,6,6,100.0
Malphite,Miss Fortune,1,1,100.0
Reksai,Vayne,17,12,70.59
Yorick,Kaisa,4,0,0.0
Dr. Mundo,Viktor,11,5,45.45
Warwick,Mel,17,1,5.88
Sett,Ashe,2,0,0.0
Skarner,Ahri,2,2,100.0
Sett,Lucian,7,2,28.57
Kayn,Ryze,2,0,0.0
Warwick,Aphelios,47,14,29.79
Briar,Swain,7,7,100.0
Neeko,Jinx,4,3,75.0
Diana,Karthus,12,1,8.33
Nasus,Twitch,3,1,33.33
Shyvana,Corki,10,4,40.0
Teemo,Corki,7,2,28.57
Vi,Olaf,5,0,0.0
Morgana,Mel,3,3,100.0
Warwick,Viktor,6,0,0.0
Amumu,Zeri,14,11,78.57
Sett,Twitch,2,2,100.0
Olaf,Jhin,49,10,20.41
Gragas,Akshan,6,6,100.0
Kindred,Sion,4,0,0.0
Viego,Vex,2,2,100.0
Thresh,Caitlyn,3,0,0.0
KhaZix,Xerath,3,2,66.67
Nasus,Jinx,2,1,50.0
Shaco,Akshan,6,1,16.67
Tryndamere,Ziggs,4,0,0.0
Qiyana,Viktor,6,6,100.0
Kayn,Darius,2,2,100.0
Vayne,Brand,5,5,100.0
Amumu,Nilah,4,0,0.0
Maokai,Nilah,8,3,37.5
Skarner,Seraphine,4,0,0.0
Master Yi,Azir,4,0,0.0
Chogath,Samira,1,0,0.0
Kayle,Draven,1,1,100.0
Warwick,Zeri,37,26,70.27
Kayle,Kaisa,2,0,0.0
Yone,Smolder,4,0,0.0
Sion,Senna,10,5,50.0
Shaco,Kayle,3,3,100.0
Vayne,Aphelios,6,2,33.33
Kayle,Aphelios,2,2,100.0
Tristana,Jhin,3,3,100.0
Warwick,Veigar,6,0,0.0
Naafiri,Zoe,5,1,20.0
Darius,Kaisa,15,3,20.0
Lee Sin,Yorick,1,0,0.0
Sylas,Nilah,6,5,83.33
Warwick,Xerath,5,5,100.0
Maokai,Samira,2,0,0.0
Sejuani,Xerath,2,2,100.0
Warwick,Hwei,11,6,54.55
Vayne,Ashe,3,3,100.0
Rammus,Karma,2,0,0.0
KhaZix,Nunu & Willump,2,0,0.0
Graves,Olaf,3,0,0.0
Sion,Jinx,1,1,100.0
Qiyana,Teemo,1,0,0.0
Akshan,Zeri,2,0,0.0
Ambessa,Akshan,4,4,100.0
Mordekaiser,Akshan,4,4,100.0
Maokai,Teemo,2,0,0.0
Olaf,Yunara,39,23,58.97
Vayne,Lucian,2,2,100.0
Vayne,Yunara,6,1,16.67
Hecarim,Teemo,2,2,100.0
Mordekaiser,Varus,14,8,57.14
Shyvana,Ziggs,6,1,16.67
Tryndamere,Sivir,4,0,0.0
Ivern,Darius,2,0,0.0
Kaisa,Tristana,4,4,100.0
Diana,Xerath,1,0,0.0
Kindred,Kayle,12,10,83.33
Aatrox,Jinx,4,0,0.0
Wukong,Gwen,4,4,100.0
Sylas,Ashe,7,4,57.14
Qiyana,Fiddlesticks,1,1,100.0
Sett,Smolder,4,2,50.0
Evelynn,Ahri,1,0,0.0
Jarvan IV,Teemo,13,0,0.0
Nidalee,Akshan,6,6,100.0
Malphite,Jhin,2,0,0.0
Kaisa,Aphelios,4,2,50.0
Graves,Malzahar,2,2,100.0
Zac,LeBlanc,1,0,0.0
Lillia,Aurora,1,1,100.0
Xin Zhao,Katarina,3,2,66.67
Evelynn,Karthus,5,1,20.0
Vayne,Kaisa,1,1,100.0
Master Yi,Galio,3,3,100.0
Yorick,Jhin,1,1,100.0
Yuumi,Seraphine,1,0,0.0
Sett,Vayne,1,0,0.0
Taric,Swain,1,1,100.0
Vayne,Twitch,5,5,100.0
Aatrox,Caitlyn,4,0,0.0
Chogath,Corki,2,2,100.0
Zed,Aurora,2,2,100.0
Viego,Aatrox,2,0,0.0
Brand,Vayne,8,2,25.0
Vi,Shaco,2,0,0.0
Fiddlesticks,Hwei,3,3,100.0
Amumu,Taliyah,4,4,100.0
Rengar,Heimerdinger,3,2,66.67
Zeri,Sivir,1,1,100.0
Varus,Kaisa,1,0,0.0
Sion,Corki,3,0,0.0
Maokai,Kalista,2,0,0.0
Urgot,Caitlyn,3,0,0.0
Kindred,Annie,1,1,100.0
Skarner,Teemo,2,2,100.0
Maokai,Hwei,3,3,100.0
Tryndamere,Kaisa,6,6,100.0
Dr. Mundo,Xerath,2,2,100.0
Mordekaiser,Mel,4,2,50.0
Pantheon,Karma,2,0,0.0
Varus,Senna,1,0,0.0
Lee Sin,Zoe,2,0,0.0
Maokai,Lux,3,3,100.0
Viego,Olaf,5,2,40.0
Volibear,Rengar,1,0,0.0
Belveth,Katarina,2,2,100.0
Viego,Tryndamere,13,5,38.46
Sion,Varus,3,1,33.33
Vayne,Smolder,1,1,100.0
Ivern,Dr. Mundo,3,3,100.0
Maokai,Xayah,8,2,25.0
Morgana,Yasuo,2,2,100.0
Pantheon,Dr. Mundo,1,1,100.0
Amumu,Viego,2,2,100.0
Tryndamere,Caitlyn,1,0,0.0
Vayne,Sivir,3,0,0.0
Pantheon,Fiddlesticks,1,1,100.0
Sejuani,Kalista,5,1,20.0
Mordekaiser,Olaf,2,2,100.0
Ambessa,Brand,3,3,100.0
Vayne,Mel,1,0,0.0
Fiddlesticks,Akshan,2,2,100.0
Udyr,Kindred,3,0,0.0
Kayle,Samira,2,2,100.0
Tryndamere,Twitch,1,1,100.0
Sylas,Miss Fortune,4,2,50.0
Akali,Ezreal,1,0,0.0
Kayle,Lucian,1,0,0.0
Ahri,Ashe,1,0,0.0
Sett,Xayah,1,1,100.0
Sett,Mel,3,3,100.0
Diana,Brand,1,1,100.0
Zed,Vex,2,2,100.0
Warwick,Aurora,2,0,0.0
Sett,Varus,1,0,0.0
Shen,Xayah,4,4,100.0
Rammus,Kindred,1,0,0.0
Master Yi,Viego,1,0,0.0
Sylas,Kalista,4,4,100.0
Graves,Aurelion Sol,3,3,100.0
Vayne,Jinx,3,2,66.67
Draven,Mel,1,1,100.0
Gwen,Xerath,2,2,100.0
Tryndamere,Seraphine,1,0,0.0
Volibear,Viego,1,0,0.0
Nocturne,Kindred,1,0,0.0
Kindred,Yone,1,0,0.0
Shaco,Xerath,1,0,0.0
Jarvan IV,Viego,1,1,100.0
Taric,Jhin,1,1,100.0
Kayn,Soraka,3,3,100.0
Amumu,Caitlyn,8,5,62.5
Belveth,Aurora,1,0,0.0
Qiyana,VelKoz,3,1,33.33
Mordekaiser,Twitch,1,1,100.0
Amumu,Lux,3,1,33.33
Yunara,Varus,2,0,0.0
Viego,Orianna,1,1,100.0
KSante,Brand,3,3,100.0
Ekko,Gwen,1,1,100.0
Kaisa,Vayne,6,2,33.33
Nasus,Ezreal,9,3,33.33
Ivern,Viktor,4,4,100.0
Sett,Caitlyn,3,2,66.67
Yuumi,Smolder,1,0,0.0
Naafiri,Taliyah,2,1,50.0
Elise,Riven,1,0,0.0
Qiyana,Kayle,3,1,33.33
Sion,Kaisa,3,3,100.0
Vayne,Varus,2,0,0.0
Ezreal,Yunara,1,0,0.0
Shyvana,Nilah,6,3,50.0
Gwen,Yorick,1,0,0.0
Nautilus,Zeri,1,0,0.0
Briar,Singed,2,0,0.0
Viego,Pyke,2,0,0.0
KhaZix,Kindred,2,0,0.0
Viego,Twisted Fate,2,1,50.0
Nasus,Draven,1,0,0.0
Sion,Lucian,1,0,0.0
Zac,Brand,4,3,75.0
Shaco,Kennen,1,0,0.0
Malzahar,Lucian,2,2,100.0
Sejuani,Riven,1,0,0.0
Nasus,Mel,1,0,0.0
Wukong,Vex,3,3,100.0
Vi,Ahri,1,1,100.0
Kayn,Kayle,1,1,100.0
Viego,Akali,2,1,50.0
Singed,Smolder,2,1,50.0
Vayne,Lux,1,1,100.0
KhaZix,Sylas,2,2,100.0
Tristana,Jinx,1,0,0.0
Xin Zhao,Ryze,1,0,0.0
Nasus,Kindred,1,0,0.0
Diana,Viktor,1,1,100.0
Sett,Tristana,4,1,25.0
Xin Zhao,Taliyah,1,1,100.0
Ambessa,Ziggs,7,4,57.14
Hecarim,Renekton,1,1,100.0
Talon,Yone,1,1,100.0
Twitch,Lucian,1,0,0.0
Kayn,Nami,1,1,100.0
Sion,Xayah,2,2,100.0
Nasus,Senna,3,2,66.67
Amumu,Mel,3,0,0.0
Neeko,Caitlyn,4,1,25.0
Dr. Mundo,Zyra,1,0,0.0
Gragas,Brand,1,0,0.0
Sion,Mel,1,0,0.0
Lee Sin,Teemo,1,1,100.0
Skarner,Brand,1,0,0.0
Volibear,Yone,1,0,0.0
Zeri,Swain,1,0,0.0
Lee Sin,Akshan,1,1,100.0
Jarvan IV,Katarina,3,2,66.67
Kayle,Mel,1,0,0.0
Twitch,Seraphine,1,1,100.0
Sion,Miss Fortune,1,0,0.0
Graves,Vladimir,1,0,0.0
Zed,Xerath,2,2,100.0
Talon,Teemo,2,0,0.0
Karthus,Akshan,3,0,0.0
Taliyah,Brand,1,1,100.0
Elise,Brand,3,2,66.67
Lillia,Brand,1,0,0.0
Nasus,Corki,4,3,75.0
Chogath,Kaisa,5,5,100.0
Vayne,Ezreal,5,5,100.0
Sett,Ziggs,1,0,0.0
Leona,Nilah,1,1,100.0
Udyr,Annie,1,0,0.0
Nasus,Ziggs,2,1,50.0
Naafiri,Quinn,1,0,0.0
Naafiri,Xerath,1,0,0.0
Maokai,Senna,3,1,33.33
Shen,Smolder,4,1,25.0
Nunu & Willump,Teemo,1,0,0.0
Kayle,Ezreal,5,0,0.0
Amumu,Xerath,1,1,100.0
Kayn,Sylas,1,0,0.0
Master Yi,Yorick,1,0,0.0
Ekko,Kayle,1,1,100.0
Poppy,Syndra,6,1,16.67
Nunu & Willump,Xerath,1,0,0.0
Viego,Kindred,1,0,0.0
Rumble,Nilah,5,0,0.0
Diana,Teemo,2,0,0.0
Lillia,Veigar,3,1,33.33
Viego,Nasus,6,0,0.0
Evelynn,Tahm Kench,5,0,0.0
Wukong,Ryze,5,5,100.0
Sett,KogMaw,4,4,100.0
Jarvan IV,Aurora,2,0,0.0
Kindred,Rengar,8,8,100.0
Warwick,Kalista,6,6,100.0
KhaZix,Sona,2,0,0.0
Lucian,Yone,7,0,0.0
Volibear,Sona,1,0,0.0
Zed,Akshan,14,9,64.29
Ezreal,Kaisa,5,0,0.0
Lee Sin,Pyke,2,0,0.0
Jarvan IV,Tryndamere,3,0,0.0
Aphelios,Kaisa,6,1,16.67
Darius,Vayne,3,3,100.0
Pantheon,Nasus,1,1,100.0
Nocturne,Akshan,5,0,0.0
Wukong,Heimerdinger,16,4,25.0
Reksai,Kalista,3,2,66.67
Lillia,Soraka,5,0,0.0
Hecarim,Tahm Kench,3,0,0.0
Talon,Nunu & Willump,5,0,0.0
Darius,Mel,4,4,100.0
Talon,Anivia,3,2,66.67
Lee Sin,Nautilus,8,8,100.0
KhaZix,Zoe,6,6,100.0
Vi,Nautilus,8,8,100.0
Kayn,Tryndamere,5,5,100.0
Vi,Ryze,2,0,0.0
Teemo,Twitch,2,2,100.0
Brand,Ekko,2,0,0.0
Ekko,Tahm Kench,1,1,100.0
Zeri,Caitlyn,7,0,0.0
Wukong,Sylas,5,5,100.0
Neeko,Sivir,3,0,0.0
KhaZix,Heimerdinger,8,1,12.5
Brand,Karthus,2,2,100.0
Kaisa,Varus,1,0,0.0
Morgana,Singed,1,1,100.0
Kayn,Kennen,2,0,0.0
Caitlyn,Aphelios,1,0,0.0
Lissandra,Kaisa,1,0,0.0
Dr. Mundo,Sylas,2,2,100.0
Gragas,Syndra,2,0,0.0
Jinx,Kaisa,2,2,100.0
Gragas,Pyke,3,3,100.0
Aurora,Yunara,5,0,0.0
Aatrox,Varus,4,3,75.0
Darius,Varus,11,5,45.45
Karthus,Ziggs,4,3,75.0
Mordekaiser,Kalista,8,7,87.5
Nunu & Willump,Pyke,3,0,0.0
Kindred,Heimerdinger,5,0,0.0
Amumu,Akshan,2,0,0.0
Kaisa,Zeri,1,0,0.0
Illaoi,Zeri,4,0,0.0
Evelynn,Ekko,6,0,0.0
Malphite,Zeri,2,0,0.0
Lee Sin,Kindred,2,2,100.0
Trundle,Qiyana,1,1,100.0
Twitch,Ashe,1,0,0.0
Sylas,Vayne,6,3,50.0
Darius,KogMaw,6,6,100.0
Darius,Zeri,15,2,13.33
Alistar,Vayne,5,5,100.0
Darius,Jinx,2,2,100.0
Darius,Seraphine,3,2,66.67
Tryndamere,Ashe,14,7,50.0
KogMaw,Twitch,5,5,100.0
Jarvan IV,Quinn,4,1,25.0
Skarner,Lux,2,2,100.0
Tryndamere,Smolder,1,0,0.0
Neeko,Smolder,2,0,0.0
Twisted Fate,Senna,2,0,0.0
Kaisa,Jinx,4,0,0.0
Shen,Ashe,1,0,0.0
Zed,Gwen,3,3,100.0
Zed,Ekko,4,0,0.0
Skarner,Sona,2,0,0.0
Rengar,Soraka,2,0,0.0
Belveth,Viktor,1,1,100.0
Trundle,Teemo,6,0,0.0
Ornn,Miss Fortune,2,0,0.0
Viego,Gwen,4,0,0.0
Ekko,Tryndamere,2,2,100.0
Ezreal,Twitch,2,2,100.0
Gragas,VelKoz,1,1,100.0
Pantheon,Soraka,2,0,0.0
Jarvan IV,Sylas,2,1,50.0
KhaZix,Ryze,2,0,0.0
Wukong,Soraka,8,0,0.0
Volibear,Rakan,1,0,0.0
Yorick,Nilah,3,3,100.0
Maokai,Taliyah,2,0,0.0
Neeko,Ashe,2,0,0.0
Aatrox,Vayne,1,1,100.0
Urgot,Samira,3,3,100.0
Sejuani,Viktor,3,0,0.0
Karthus,Viktor,1,1,100.0
Sejuani,Tryndamere,1,1,100.0
Diana,Ambessa,2,2,100.0
Ryze,Kaisa,2,2,100.0
Shyvana,Sona,1,0,0.0
Lee Sin,Akali,12,7,58.33
Olaf,Samira,3,1,33.33
Teemo,Yunara,25,11,44.0
Kaisa,Sona,1,0,0.0
Ryze,Jhin,1,1,100.0
Talon,Olaf,1,0,0.0
Kayn,Singed,1,1,100.0
Aurelion Sol,Lucian,3,3,100.0
Nasus,Kaisa,3,3,100.0
Corki,Singed,3,3,100.0
Diana,Tryndamere,4,0,0.0
Hecarim,Gwen,4,0,0.0
Draven,Aphelios,3,0,0.0
Ekko,Jayce,1,0,0.0
Rumble,Swain,1,1,100.0
Twitch,Annie,3,0,0.0
Olaf,Karthus,3,1,33.33
Jinx,Varus,1,0,0.0
Gragas,Karthus,1,1,100.0
Shaco,Teemo,1,0,0.0
Vayne,Corki,3,3,100.0
Lee Sin,Twisted Fate,1,1,100.0
Kayn,Teemo,5,5,100.0
Sejuani,VelKoz,2,2,100.0
Yone,Caitlyn,1,1,100.0
Sion,Ashe,1,0,0.0
Jinx,Miss Fortune,5,0,0.0
Tryndamere,Nilah,1,1,100.0
Aphelios,Akshan,1,0,0.0
Sylas,Samira,2,1,50.0
Neeko,Vayne,2,2,100.0
Gragas,Sion,2,0,0.0
Naafiri,Teemo,3,3,100.0
Yone,Sivir,4,3,75.0
Lee Sin,Ryze,2,0,0.0
Lillia,Ryze,1,1,100.0
Maokai,Seraphine,1,0,0.0
Viego,Ryze,1,1,100.0
Jarvan IV,Gwen,1,1,100.0
Pantheon,Sona,1,0,0.0
Sett,Miss Fortune,1,1,100.0
Viego,Annie,1,0,0.0
Nocturne,Vex,2,2,100.0
Diana,Gwen,1,1,100.0
Teemo,Viktor,1,1,100.0
Ekko,Singed,1,0,0.0
Yone,Miss Fortune,1,0,0.0
Neeko,Nilah,1,1,100.0
Yone,Aphelios,2,2,100.0
Volibear,Singed,2,2,100.0
Shen,Aphelios,2,0,0.0
Nocturne,Annie,1,0,0.0
Kayn,Aatrox,1,0,0.0
Lee Sin,Elise,2,0,0.0
Brand,KogMaw,2,2,100.0
Viego,Wukong,2,0,0.0
Kindred,Nasus,1,1,100.0
Ivern,Vladimir,1,0,0.0
Zed,LeBlanc,2,2,100.0
Tristana,Ezreal,2,0,0.0
Ekko,Rengar,2,1,50.0
Yorick,Smolder,3,3,100.0
Elise,Nasus,1,0,0.0
Lee Sin,Janna,1,1,100.0
Tryndamere,Miss Fortune,1,1,100.0
Lee Sin,Singed,1,0,0.0
Morgana,Syndra,1,0,0.0
Zeri,Briar,1,0,0.0
Lucian,Ashe,1,1,100.0
Ekko,Nautilus,1,0,0.0
Chogath,Miss Fortune,1,0,0.0
Ryze,Samira,1,0,0.0
Urgot,Ashe,1,1,100.0
Nasus,Smolder,6,1,16.67
Reksai,Jayce,1,0,0.0
Yone,Twitch,1,0,0.0
Diana,LeBlanc,1,0,0.0
Sett,Ezreal,1,1,100.0
Corki,Kaisa,1,0,0.0
Kindred,Fizz,1,1,100.0
Teemo,Ashe,2,0,0.0
Master Yi,Olaf,8,8,100.0
Olaf,Tristana,13,11,84.62
Olaf,Lux,11,5,45.45
Pantheon,Heimerdinger,29,13,44.83
Ivern,Quinn,3,3,100.0
Olaf,Zoe,7,3,42.86
Xin Zhao,Zilean,5,5,100.0
Xin Zhao,Kayle,13,0,0.0
Poppy,Neeko,10,0,0.0
Olaf,KogMaw,13,3,23.08
Karthus,Katarina,3,0,0.0
Dr. Mundo,Taliyah,4,0,0.0
Trundle,Vladimir,7,0,0.0
Ivern,Lee Sin,6,6,100.0
Brand,Fiora,5,5,100.0
Rengar,Malzahar,4,0,0.0
Pantheon,Malzahar,8,6,75.0
Nocturne,Taliyah,7,7,100.0
KhaZix,Zilean,2,2,100.0
Rengar,Zilean,5,0,0.0
Zed,Heimerdinger,16,5,31.25
Dr. Mundo,Vladimir,4,4,100.0
Dr. Mundo,Zilean,5,5,100.0
Rengar,Fiora,11,5,45.45
Olaf,Aurelion Sol,9,6,66.67
Elise,Heimerdinger,6,0,0.0
Lee Sin,Fiora,13,7,53.85
Dr. Mundo,Aurora,1,0,0.0
Lee Sin,Heimerdinger,19,17,89.47
Amumu,Syndra,1,0,0.0
Maokai,Karthus,4,0,0.0
Volibear,Ekko,2,2,100.0
Elise,Aurelion Sol,2,0,0.0
Jax,Katarina,1,1,100.0
Diana,Olaf,2,1,50.0
Lillia,Fiora,5,0,0.0
Lillia,Olaf,1,1,100.0
Master Yi,Tahm Kench,3,3,100.0
Trundle,Kayle,5,1,20.0
Maokai,Syndra,5,5,100.0
Xin Zhao,Fiora,5,1,20.0
Olaf,Nilah,11,9,81.82
Ivern,Rengar,1,1,100.0
Singed,Zeri,3,0,0.0
Nidalee,Aurelion Sol,9,8,88.89
Udyr,Cassiopeia,3,3,100.0
Wukong,Malzahar,12,12,100.0
Sion,Yunara,4,0,0.0
Master Yi,Zoe,7,7,100.0
Aurelion Sol,Samira,4,0,0.0
Nasus,Lucian,4,0,0.0
Nasus,Aurelion Sol,6,6,100.0
Amumu,Samira,6,6,100.0
Taliyah,Zilean,5,0,0.0
Nocturne,Dr. Mundo,1,0,0.0
Singed,Aphelios,1,1,100.0
Viego,Kayle,17,17,100.0
Darius,Tristana,3,1,33.33
Poppy,Vladimir,2,2,100.0
Udyr,Heimerdinger,4,1,25.0
Taliyah,Anivia,1,0,0.0
Hecarim,Sion,2,0,0.0
Wukong,Fiora,6,0,0.0
Ekko,Sion,1,0,0.0
Poppy,Zoe,3,0,0.0
Nocturne,Fiora,4,4,100.0
Singed,Varus,3,0,0.0
Zac,Aurelion Sol,10,4,40.0
Naafiri,Fiddlesticks,1,0,0.0
Elise,Yone,1,1,100.0
Volibear,Fiora,4,4,100.0
Shyvana,KogMaw,8,2,25.0
Viego,Malzahar,2,2,100.0
Viego,Zoe,13,7,53.85
Dr. Mundo,Katarina,2,0,0.0
Elise,Fiora,4,4,100.0
Xin Zhao,Zoe,5,5,100.0
Jax,Kayle,7,0,0.0
Vi,Heimerdinger,15,6,40.0
Sion,Sivir,5,0,0.0
Twisted Fate,Zeri,1,0,0.0
Diana,Fiora,3,1,33.33
Sejuani,Fiora,5,2,40.0
Nasus,Cassiopeia,3,0,0.0
Jarvan IV,Singed,2,0,0.0
Jarvan IV,Olaf,7,7,100.0
Olaf,Cassiopeia,4,0,0.0
Olaf,Swain,7,6,85.71
Udyr,Fiora,10,3,30.0
Karthus,Fiora,5,2,40.0
Graves,Cassiopeia,3,0,0.0
Wukong,Irelia,3,3,100.0
Reksai,Veigar,2,2,100.0
Reksai,Malzahar,1,0,0.0
Hecarim,Volibear,2,2,100.0
Pantheon,Rengar,3,0,0.0
Talon,Jax,1,1,100.0
Olaf,Yasuo,6,3,50.0
Shen,KogMaw,5,5,100.0
Pantheon,Fiora,15,6,40.0
Taliyah,Fiora,2,2,100.0
Reksai,Swain,3,0,0.0
Trundle,Olaf,1,0,0.0
Rengar,Olaf,2,1,50.0
Gwen,Olaf,1,1,100.0
Olaf,Morgana,2,2,100.0
Fiddlesticks,Heimerdinger,1,1,100.0
Darius,Samira,2,2,100.0
Vi,Orianna,2,2,100.0
Nocturne,Malzahar,2,2,100.0
Nunu & Willump,Kayle,2,0,0.0
Volibear,Kayle,12,6,50.0
Sejuani,Heimerdinger,3,0,0.0
Nautilus,Qiyana,1,0,0.0
Vi,Katarina,3,3,100.0
Aurelion Sol,Dr. Mundo,1,1,100.0
Olaf,Heimerdinger,3,3,100.0
Mordekaiser,Corki,4,3,75.0
Viego,Zilean,5,5,100.0
Naafiri,Kassadin,4,0,0.0
Nasus,Jhin,3,0,0.0
Poppy,Katarina,2,0,0.0
Qiyana,Zoe,3,3,100.0
Zed,Sion,1,0,0.0
Zac,Malzahar,1,1,100.0
Qiyana,Aurelion Sol,1,0,0.0
Sejuani,Olaf,2,2,100.0
Qiyana,Taliyah,1,0,0.0
Ivern,Fiora,2,2,100.0
Nidalee,Tahm Kench,3,0,0.0
Teemo,Xayah,4,2,50.0
Nocturne,Ahri,3,3,100.0
Ekko,Fiora,4,4,100.0
Nidalee,Rengar,1,1,100.0
Talon,Fiora,4,4,100.0
Urgot,Yunara,1,0,0.0
Nocturne,Kayle,4,3,75.0
Rumble,Kalista,1,1,100.0
Skarner,Syndra,2,2,100.0
Pantheon,Ornn,3,0,0.0
Zyra,Fiora,1,0,0.0
Nasus,Varus,1,0,0.0
Vi,Karma,4,0,0.0
Nidalee,Heimerdinger,7,6,85.71
Hecarim,Kayle,1,0,0.0
Pantheon,Kayle,4,4,100.0
Malphite,KogMaw,2,0,0.0
Jax,Heimerdinger,5,5,100.0
Nasus,Ashe,3,3,100.0
Karthus,Heimerdinger,3,0,0.0
Shyvana,Aurelion Sol,3,3,100.0
Darius,Ashe,1,1,100.0
Talon,Malzahar,1,1,100.0
Hecarim,Heimerdinger,4,0,0.0
Pantheon,Jax,2,0,0.0
Skarner,Karthus,4,0,0.0
Kaisa,Lucian,1,1,100.0
Zac,Heimerdinger,4,4,100.0
Lee Sin,Olaf,1,1,100.0
Talon,Rengar,1,0,0.0
Poppy,Brand,2,0,0.0
Talon,Fiddlesticks,2,2,100.0
Taliyah,Aurelion Sol,2,0,0.0
Shaco,Heimerdinger,2,2,100.0
Darius,Sivir,1,0,0.0
Urgot,VelKoz,1,0,0.0
Diana,Heimerdinger,3,0,0.0
Zed,Mordekaiser,1,0,0.0
Zed,Dr. Mundo,2,0,0.0
Naafiri,Sion,3,2,66.67
Ivern,Heimerdinger,2,2,100.0
Darius,Cassiopeia,2,0,0.0
Olaf,Katarina,2,0,0.0
Teemo,Kayle,1,1,100.0
Ezreal,Karthus,1,1,100.0
Briar,Naafiri,1,0,0.0
Fiddlesticks,Kayle,1,0,0.0
Jarvan IV,Fiora,2,0,0.0
Jarvan IV,Mordekaiser,1,0,0.0
Dr. Mundo,Rengar,1,1,100.0
Trundle,Fiora,4,3,75.0
Sett,Nilah,2,0,0.0
Skarner,Yone,3,3,100.0
Trundle,Aurora,1,1,100.0
Jarvan IV,Malzahar,1,0,0.0
Nocturne,Katarina,1,1,100.0
Nocturne,Heimerdinger,2,0,0.0
Pantheon,Mordekaiser,4,0,0.0
Ivern,Chogath,4,4,100.0
Viego,Rengar,1,0,0.0
Karthus,Sion,3,0,0.0
Dr. Mundo,Heimerdinger,3,0,0.0
Zed,Fiora,3,2,66.67
Zed,Akali,2,0,0.0
Naafiri,Olaf,1,1,100.0
Shaco,Fiora,3,3,100.0
Nidalee,Zilean,1,1,100.0
Ivern,Malzahar,1,0,0.0
Rengar,Mordekaiser,1,0,0.0
Twisted Fate,Smolder,2,2,100.0
Shaco,VelKoz,4,1,25.0
Trundle,Illaoi,3,3,100.0
Sion,Aurelion Sol,1,1,100.0
Poppy,Taliyah,1,1,100.0
Karthus,Rengar,1,1,100.0
Kayle,Vayne,1,0,0.0
Belveth,VelKoz,1,1,100.0
Ekko,Zoe,1,1,100.0
Viego,Ekko,3,3,100.0
Xin Zhao,Rengar,3,2,66.67
Nidalee,Fiora,2,1,50.0
Lee Sin,Galio,1,0,0.0
Dr. Mundo,Fiora,3,0,0.0
Olaf,Syndra,2,0,0.0
Zac,Syndra,2,2,100.0
Teemo,Ziggs,2,2,100.0
Zed,Ahri,1,0,0.0
Hecarim,Fiora,5,1,20.0
Ekko,Ahri,1,0,0.0
Naafiri,Heimerdinger,5,1,20.0
Teemo,Draven,1,1,100.0
Trundle,Heimerdinger,2,2,100.0
Nidalee,Olaf,4,4,100.0
Volibear,Olaf,3,3,100.0
Wukong,Olaf,2,2,100.0
Wukong,Nunu & Willump,1,0,0.0
Hecarim,Katarina,1,1,100.0
Karthus,Qiyana,2,1,50.0
Teemo,Ekko,1,0,0.0
Teemo,Nilah,1,1,100.0
Volibear,Lee Sin,4,0,0.0
Xin Zhao,Galio,2,2,100.0
Darius,Corki,2,2,100.0
Lee Sin,Anivia,1,0,0.0
Ezreal,Zeri,3,0,0.0
Lillia,Qiyana,1,0,0.0
Kayle,Jhin,1,0,0.0
Zyra,Rengar,2,2,100.0
Lillia,Heimerdinger,1,1,100.0
Lee Sin,Rengar,2,1,50.0
Rengar,Qiyana,2,0,0.0
Taliyah,Zoe,1,0,0.0
Zac,Pantheon,1,0,0.0
Zed,Qiyana,1,0,0.0
Ezreal,Miss Fortune,2,0,0.0
KhaZix,Fiora,1,0,0.0
Zed,Rengar,1,1,100.0
Naafiri,Rengar,1,0,0.0
Hecarim,Olaf,1,0,0.0
Evelynn,Kayle,2,2,100.0
Shaco,Nidalee,1,1,100.0
Wukong,Qiyana,2,1,50.0
Skarner,Fiora,1,1,100.0
Dr. Mundo,Shen,1,1,100.0
Shyvana,Fiora,1,1,100.0
Skarner,Rakan,2,0,0.0
Poppy,Heimerdinger,1,1,100.0
Hecarim,Rengar,3,3,100.0
Jax,Fiora,1,1,100.0
Teemo,Caitlyn,1,0,0.0
Pantheon,Sion,1,1,100.0
Sion,Nilah,1,0,0.0
Maokai,Nunu & Willump,2,0,0.0
Kindred,Malphite,1,1,100.0
Kindred,Fiora,1,0,0.0
Urgot,Draven,1,0,0.0
Xin Zhao,Malzahar,1,0,0.0
Taric,Samira,1,1,100.0
Naafiri,Ekko,1,1,100.0
Ivern,Alistar,1,0,0.0
Udyr,Mordekaiser,1,1,100.0
Olaf,Riven,2,2,100.0
Olaf,VelKoz,2,2,100.0
Nidalee,Malzahar,2,0,0.0
Darius,VelKoz,1,1,100.0
Graves,Heimerdinger,1,0,0.0
Nidalee,Zyra,1,1,100.0
Ekko,Shaco,1,0,0.0
Lee Sin,Ornn,1,0,0.0
Talon,Galio,1,0,0.0
Hecarim,Ekko,1,1,100.0
Nidalee,Katarina,1,0,0.0
Volibear,Pantheon,2,0,0.0
Zeri,VelKoz,1,0,0.0
Viego,Nautilus,1,1,100.0
Urgot,Viktor,1,1,100.0
Reksai,Zoe,1,0,0.0
Sona,Hwei,1,0,0.0
Mordekaiser,Zeri,1,1,100.0
Sion,Fiora,1,0,0.0
Riven,Senna,1,1,100.0
Jarvan IV,Neeko,2,0,0.0
Shaco,Malzahar,1,1,100.0
Sett,Zeri,1,0,0.0
Darius,Nilah,1,0,0.0
Naafiri,Pantheon,1,0,0.0
Nunu & Willump,Aurelion Sol,2,0,0.0
Kindred,Qiyana,1,0,0.0
Lee Sin,Malzahar,1,1,100.0
Elise,Chogath,1,1,100.0
KhaZix,Olaf,1,1,100.0
Teemo,Hwei,1,0,0.0
Viego,Qiyana,1,0,0.0
Viego,Sejuani,1,1,100.0
Jarvan IV,Rengar,1,1,100.0
Jarvan IV,Kindred,1,1,100.0
Ezreal,Xayah,1,1,100.0
Naafiri,Malzahar,1,0,0.0
Skarner,Heimerdinger,1,0,0.0
Singed,Caitlyn,1,0,0.0
Xin Zhao,Ekko,1,1,100.0
Zac,Qiyana,1,0,0.0
Diana,Rengar,1,0,0.0
Reksai,Heimerdinger,1,0,0.0
Volibear,Tryndamere,1,1,100.0
Diana,Zilean,1,1,100.0
Nunu & Willump,Ekko,1,1,100.0
Yasuo,Jinx,1,0,0.0
Nasus,Caitlyn,1,1,100.0
Talon,Qiyana,1,1,100.0
